booking_id,site,hotel_id,customer_id,package_id,package_revision_id,nights,revision_number,booked_at,arrival_on,pax,pax_adult,revenue_dkk,discount_code_id
11353,de,1072,311847,36113,38424,5,1,2021.07.01 0:01,2021.07.19,2,2,2146,1034
11357,da,2362,311848,35458,35458,4,1,2021.07.01 1:07,2021.07.24,3,2,2273,561
11361,se,3961,311648,36787,38257,2,2,2021.07.01 7:31,2021.07.22,3,3,2180,905
11365,da,4637,311853,38418,38418,2,1,2021.07.01 7:53,2021.07.16,2,2,576,1331
11369,se,8289,311857,37728,37728,2,1,2021.07.01 8:15,2021.07.01,2,2,2419,625
11373,da,3712,168384,36520,37051,2,1,2021.07.01 8:27,2021.09.19,2,2,3173,1029
11377,da,893,12685,36172,38080,1,1,2021.07.01 8:42,2021.07.07,2,2,2617,1029
11381,da,6458,310818,36162,36162,2,1,2021.07.01 8:59,2021.07.13,2,2,2507,1331
11385,da,5588,189706,36695,37932,2,1,2021.07.01 9:02,2021.08.30,2,2,3789,519
11389,de,6055,311706,37370,37370,2,2,2021.07.01 9:10,2021.07.18,2,2,4695,1358
11393,se,4759,311867,37537,38225,2,1,2021.07.01 9:14,2021.07.07,2,2,2195,625
11397,de,870,153697,36261,36261,3,1,2021.07.01 9:20,2021.07.09,2,2,2247,897
11401,se,4893,306446,35783,38422,3,2,2021.07.01 9:23,2021.07.01,2,2,2850,625
11405,da,3809,259677,37762,37833,3,1,2021.07.01 9:28,2021.07.14,3,2,4768,519
11409,de,6053,311871,37410,37465,2,1,2021.07.01 9:35,2021.08.07,2,2,3037,815
11413,da,505,131365,36029,36609,2,1,2021.07.01 9:38,2021.08.02,4,4,1947,561
11417,se,1293,311874,37026,38199,2,1,2021.07.01 9:41,2021.07.23,2,2,4144,891
11421,da,7730,311876,37606,37935,2,1,2021.07.01 9:43,2021.07.05,4,4,4754,519
11425,da,1474,154506,38369,38397,3,2,2021.07.01 9:46,2021.07.28,2,2,4124,1029
11429,da,1474,311880,38369,38397,2,1,2021.07.01 9:56,2021.07.23,6,6,4485,561
11433,se,4759,311883,37537,38225,2,1,2021.07.01 9:59,2021.08.01,4,4,722,1037
11437,se,4750,311884,37331,38227,2,1,2021.07.01 10:05,2021.08.10,2,2,1428,625
11441,de,2813,311885,36426,36426,2,1,2021.07.01 10:09,2021.08.17,3,3,2050,1132
11445,de,5870,306156,37165,37165,2,3,2021.07.01 10:13,2021.08.06,2,2,911,1281
11449,de,2140,311891,35230,35230,3,1,2021.07.01 10:23,2021.07.04,2,2,4123,1132
11453,da,1377,267595,36205,37300,2,1,2021.07.01 10:26,2021.07.18,2,2,3065,561
11457,se,4630,77413,36730,36730,2,1,2021.07.01 10:30,2021.08.03,2,2,4386,906
11461,da,647,158417,37388,37388,2,1,2021.07.01 10:35,2021.07.20,2,2,2940,519
11465,da,1665,311369,37737,37737,2,2,2021.07.01 10:39,2021.07.09,2,2,2574,319
11469,se,5670,311898,37634,37634,2,1,2021.07.01 10:48,2021.08.03,2,2,2456,625
11473,no,5315,224205,37073,37073,2,1,2021.07.01 10:52,2021.07.25,2,2,1794,1031
11477,se,4759,225840,37537,38225,2,1,2021.07.01 10:55,2021.08.04,2,2,1164,906
11481,no,1952,289490,37905,38077,2,1,2021.07.01 10:59,2021.07.12,2,2,4324,0
11485,da,968,16341,38082,38100,2,1,2021.07.01 11:04,2021.08.23,2,2,3597,561
11489,se,6828,311892,35626,35885,2,2,2021.07.01 11:06,2021.07.14,2,2,3277,1086
11493,se,4759,310311,37537,38225,2,3,2021.07.01 11:10,2021.08.01,2,2,4846,1086
11497,da,6864,311907,36857,36857,4,1,2021.07.01 11:15,2021.07.14,4,2,1561,0
11501,se,1232,311908,37493,38192,2,1,2021.07.01 11:19,2021.07.04,2,2,2452,1086
11505,no,8018,311909,37478,37478,3,1,2021.07.01 11:26,2021.07.08,2,2,4503,1031
11509,da,3804,217225,36813,37296,2,1,2021.07.01 11:30,2021.07.26,2,2,2383,519
11513,no,4662,311915,36019,36019,2,1,2021.07.01 11:35,2021.07.18,2,2,1833,1030
11517,se,1429,179302,36048,38206,3,1,2021.07.01 11:36,2021.07.06,2,2,1549,0
11521,se,4759,311917,37537,38225,2,1,2021.07.01 11:40,2021.08.29,4,4,886,1086
11525,de,7844,311918,38359,38359,2,1,2021.07.01 11:44,2021.07.13,2,2,4133,1281
11529,se,6828,175055,35626,35885,2,1,2021.07.01 11:46,2021.07.08,2,2,3542,1086
11533,se,4633,311924,35791,36175,2,1,2021.07.01 11:50,2021.08.18,2,2,3810,1037
11537,se,610,311601,38046,38170,3,1,2021.07.01 11:56,2021.08.12,2,2,1419,1086
11541,da,884,311928,35385,38134,1,1,2021.07.01 11:59,2021.08.02,2,2,985,561
11545,da,1474,170525,38369,38397,2,1,2021.07.01 12:02,2021.08.02,1,1,4255,0
11549,se,6021,311931,38347,38347,2,1,2021.07.01 12:07,2021.07.13,3,2,524,0
11553,da,3873,217225,36861,36861,2,1,2021.07.01 12:13,2021.07.28,2,2,4536,519
11557,da,2995,311940,35558,37354,2,1,2021.07.01 12:17,2021.08.27,6,6,1758,519
11561,da,301,311941,36117,38434,3,1,2021.07.01 12:20,2021.07.22,4,4,4171,0
11565,da,595,306073,36137,37804,3,2,2021.07.01 12:28,2021.08.23,8,8,2832,561
11569,de,2253,281933,36429,36429,2,1,2021.07.01 12:32,2021.08.20,2,2,1018,0
11573,se,4368,311948,37635,37965,2,1,2021.07.01 12:35,2021.08.30,2,2,848,1086
11577,da,648,47152,37391,38414,2,1,2021.07.01 12:40,2021.07.07,2,2,3757,1029
11581,da,3078,310871,35820,38391,3,2,2021.07.01 12:49,2021.07.11,4,4,1039,519
11585,da,1474,311952,38369,38397,2,1,2021.07.01 12:56,2021.07.02,2,2,2230,0
11589,se,2125,311955,36678,37032,3,1,2021.07.01 12:59,2021.07.06,3,2,4153,0
11593,da,1071,252803,38356,38356,2,2,2021.07.01 13:05,2021.07.19,2,2,2801,561
11597,da,2938,311960,29260,34061,3,1,2021.07.01 13:08,2021.07.06,2,2,3680,1100
11601,da,325,311962,36851,37052,2,1,2021.07.01 13:13,2021.07.12,2,2,1865,0
11605,se,4759,311967,37537,38225,2,1,2021.07.01 13:17,2021.08.04,2,2,1128,1086
11609,da,5215,122068,37945,37945,2,1,2021.07.01 13:25,2021.07.13,2,2,1648,0
11613,de,7690,305290,35070,35340,3,1,2021.07.01 13:35,2021.07.25,2,2,3485,1279
11617,da,4420,237569,37194,37197,2,1,2021.07.01 13:39,2021.07.12,2,2,2989,561
11621,da,1191,201163,38353,38362,2,1,2021.07.01 13:42,2021.07.30,2,2,3722,0
11625,da,3873,311976,36861,36861,2,1,2021.07.01 13:45,2021.07.20,2,2,3625,0
11629,no,6706,306480,35797,35797,2,2,2021.07.01 13:48,2021.09.05,2,2,1035,908
11633,da,505,181454,36029,36609,3,1,2021.07.01 13:56,2021.07.14,2,2,3648,0
11637,se,4759,311983,37537,38225,2,1,2021.07.01 14:07,2021.08.10,2,2,4176,1114
11641,se,325,311985,36851,37052,2,1,2021.07.01 14:11,2021.07.21,2,2,2784,905
11645,da,5713,311987,38351,38351,2,1,2021.07.01 14:18,2021.07.27,2,2,4839,1100
11649,da,3590,311989,37532,37714,2,1,2021.07.01 14:22,2021.08.25,10,10,2154,0
11653,da,2680,275689,36342,36342,2,1,2021.07.01 14:29,2021.09.20,7,7,3282,0
11657,da,5394,90295,35108,36253,5,1,2021.07.01 14:33,2021.07.02,3,3,4754,561
11661,da,1031,173550,36173,38099,1,1,2021.07.01 14:43,2021.07.15,2,2,1181,561
11665,da,1374,263368,37641,37767,3,2,2021.07.01 14:51,2021.07.08,2,2,2904,0
11669,se,2673,240227,30102,34768,4,1,2021.07.01 14:55,2021.08.01,2,2,899,906
11673,da,1688,312000,36327,36327,2,1,2021.07.01 15:05,2021.08.30,3,3,2384,1029
11677,de,4728,312003,34982,38334,2,1,2021.07.01 15:11,2021.08.24,1,1,919,1277
11681,da,505,224255,36029,36609,4,1,2021.07.01 15:17,2021.07.28,4,4,3440,0
11685,se,3636,216852,37827,38447,3,1,2021.07.01 15:19,2021.07.18,2,2,4125,905
11689,da,7270,272339,36932,37671,2,1,2021.07.01 15:26,2021.08.01,2,2,2523,561
11693,da,830,255250,35903,36832,2,1,2021.07.01 15:30,2021.08.18,6,6,3106,0
11697,de,536,288124,35612,35612,2,1,2021.07.01 15:36,2021.07.15,2,2,926,242
11701,da,1140,207333,37494,37698,2,1,2021.07.01 15:40,2021.08.02,4,4,1297,319
11705,se,6828,312013,35626,35885,3,1,2021.07.01 15:45,2021.08.01,2,2,3184,0
11709,se,2127,311906,35958,38222,2,2,2021.07.01 15:51,2021.08.04,2,2,3742,1086
11713,da,2681,274657,36245,36245,2,1,2021.07.01 15:54,2021.09.05,2,2,1015,561
11717,se,6828,312016,35626,35885,2,1,2021.07.01 16:01,2021.07.08,2,2,1592,0
11721,da,8048,216566,36808,36808,3,1,2021.07.01 16:07,2021.07.29,2,2,2977,0
11725,da,3128,7639,37922,37922,4,1,2021.07.01 16:09,2021.07.08,2,2,2557,903
11729,da,3784,291119,35156,35156,3,1,2021.07.01 16:18,2021.07.08,2,2,523,0
11733,da,1140,9567,37494,37698,2,1,2021.07.01 16:21,2021.07.06,2,2,2419,672
11737,no,2921,247632,36151,36151,2,1,2021.07.01 16:29,2021.08.12,2,2,3101,915
11741,da,1072,311805,36704,38426,3,3,2021.07.01 16:36,2021.07.20,3,3,1524,1029
11745,da,3932,276021,36573,36573,2,1,2021.07.01 16:41,2021.08.16,2,2,1169,0
11749,se,610,312035,38046,38170,3,1,2021.07.01 16:46,2021.07.09,4,4,2086,625
11753,da,2673,312036,37984,37984,2,1,2021.07.01 16:48,2021.07.27,2,2,3525,1099
11757,se,2758,261921,38052,38052,2,1,2021.07.01 16:51,2021.07.04,2,2,3436,625
11761,da,958,312039,37982,38367,3,1,2021.07.01 16:52,2021.08.02,2,2,4410,901
11765,se,4635,312040,37182,38231,2,1,2021.07.01 16:56,2021.08.26,2,2,3332,625
11769,da,492,312044,37638,37795,4,1,2021.07.01 17:03,2021.07.11,5,2,3483,519
11773,de,5713,15005,38419,38419,2,1,2021.07.01 17:08,2021.08.20,2,2,3040,436
11777,da,1388,256643,36278,36278,4,1,2021.07.01 17:14,2021.08.16,2,2,798,561
11781,da,1031,10569,36173,38099,2,1,2021.07.01 17:20,2021.08.16,2,2,4825,1103
11785,da,3762,312056,33954,37330,2,1,2021.07.01 17:34,2021.07.28,2,2,1505,761
11789,se,610,166089,38046,38170,3,1,2021.07.01 17:40,2021.08.16,2,2,4691,1086
11793,da,311,65002,36115,36115,2,1,2021.07.01 17:47,2021.07.07,2,2,2930,902
11797,se,846,293853,36219,38060,3,1,2021.07.01 17:59,2021.09.17,2,2,3968,625
11801,da,2655,23071,36856,36856,2,1,2021.07.01 18:02,2021.07.18,2,2,1557,1029
11805,da,4260,2571,35148,35148,4,1,2021.07.01 18:09,2021.07.26,2,2,2218,902
11809,se,6828,312077,35626,35885,2,1,2021.07.01 18:20,2021.07.30,2,2,3677,625
11813,da,1964,302342,35391,35397,3,1,2021.07.01 18:25,2021.08.25,2,2,3968,902
11817,se,4560,33445,37902,37909,4,1,2021.07.01 18:31,2021.08.01,2,2,2508,625
11821,da,2673,312084,37984,37984,2,1,2021.07.01 18:43,2021.07.13,2,2,4837,1103
11825,da,505,90937,36029,36609,4,1,2021.07.01 18:50,2021.08.09,2,2,2294,561
11829,se,6761,251089,38439,38469,2,1,2021.07.01 18:53,2021.07.19,2,2,1586,891
11833,da,648,286949,37391,38414,2,1,2021.07.01 19:04,2021.07.08,2,2,1243,902
11837,da,3495,41534,36314,36314,2,1,2021.07.01 19:08,2021.09.15,2,2,3652,902
11841,da,505,282041,36029,36609,2,1,2021.07.01 19:16,2021.07.10,2,2,2912,561
11845,se,1275,312098,38468,38468,4,1,2021.07.01 19:27,2021.07.13,2,2,1518,1113
11849,da,1377,27052,36205,37300,3,1,2021.07.01 19:33,2021.08.01,2,2,3999,901
11853,da,645,27052,37390,37390,2,1,2021.07.01 19:39,2021.08.04,2,2,3250,901
11857,se,6205,272277,37372,38183,3,1,2021.07.01 19:45,2021.08.04,2,2,3130,0
11861,de,2862,312107,36844,36844,3,1,2021.07.01 19:47,2021.07.12,2,2,2315,436
11865,de,1072,266519,36113,38424,4,1,2021.07.01 19:56,2021.07.12,2,2,1086,1033
11869,da,1374,312111,36259,36259,2,1,2021.07.01 19:58,2021.11.12,10,10,846,1029
11873,da,5588,140771,36695,37932,2,1,2021.07.01 20:00,2021.07.21,2,2,1971,561
11877,se,6828,213360,35626,35885,2,1,2021.07.01 20:02,2021.08.01,2,2,2108,891
11881,da,915,312114,36155,36155,2,1,2021.07.01 20:09,2021.07.23,4,4,4220,1313
11885,da,3873,312118,36861,36861,2,1,2021.07.01 20:16,2021.07.26,2,2,849,519
11889,de,6055,312122,37370,37370,2,1,2021.07.01 20:22,2021.07.16,2,2,4548,0
11893,no,3768,312125,36612,36612,2,1,2021.07.01 20:24,2021.07.02,3,3,4464,1031
11897,se,8006,248761,38467,38467,2,1,2021.07.01 20:27,2021.07.19,2,2,1127,1114
11901,da,1374,312129,37641,37767,2,1,2021.07.01 20:34,2021.09.10,2,2,3548,1029
11905,da,391,312132,35577,35577,3,1,2021.07.01 20:37,2021.08.10,2,2,1754,0
11909,no,4662,312135,36019,36019,2,1,2021.07.01 20:42,2021.07.12,2,2,3181,0
11913,da,3753,312137,37893,38108,4,1,2021.07.01 20:47,2021.07.22,2,2,1509,519
11917,se,1394,261265,38463,38464,3,1,2021.07.01 20:49,2021.07.09,2,2,1848,0
11921,da,2334,312143,36596,36596,2,1,2021.07.01 20:52,2021.08.15,2,2,2332,561
11925,no,1617,279681,36244,37541,2,1,2021.07.01 20:53,2021.07.02,2,2,2297,907
11929,se,2121,23746,37024,38421,2,1,2021.07.01 20:57,2021.08.01,4,4,506,625
11933,se,6948,74014,36569,38152,2,1,2021.07.01 20:58,2021.07.24,2,2,3101,0
11937,se,6205,312152,37372,38183,2,1,2021.07.01 21:00,2021.07.14,2,2,2374,1110
11941,se,1370,312155,37076,38203,5,1,2021.07.01 21:05,2021.07.12,3,2,894,625
11945,da,985,312160,36068,36068,3,1,2021.07.01 21:13,2021.09.25,2,2,1703,519
11949,se,8006,312165,38467,38467,2,1,2021.07.01 21:17,2021.07.05,2,2,2105,625
11953,se,6828,312168,35626,35885,2,1,2021.07.01 21:27,2021.07.14,2,2,2100,0
11957,se,6945,186076,36805,36805,2,1,2021.07.01 21:36,2021.09.15,4,4,4644,625
11961,no,4662,312178,36019,36019,2,1,2021.07.01 21:52,2021.08.03,2,2,1973,0
11965,de,2813,312180,36426,36426,3,1,2021.07.01 21:54,2021.07.19,2,2,3057,0
11969,da,4637,312185,38418,38456,2,1,2021.07.01 22:02,2021.07.29,2,2,3377,519
11973,se,6204,270572,36481,38185,3,1,2021.07.01 22:06,2021.07.19,2,2,1670,1113
11977,da,1474,312190,38369,38397,2,1,2021.07.01 22:10,2021.07.08,4,4,4533,116
11981,da,3802,251741,36276,37565,2,1,2021.07.01 22:18,2021.08.24,2,2,1756,519
11985,se,610,312194,38046,38170,3,1,2021.07.01 22:28,2021.07.06,2,2,4616,1037
11989,no,2921,312198,36151,36151,2,1,2021.07.01 22:35,2021.07.06,2,2,931,1030
11993,se,7646,312200,35291,35291,2,1,2021.07.01 22:41,2021.08.09,2,2,2801,0
11997,se,3341,312203,35825,35825,2,1,2021.07.01 22:50,2021.09.05,2,2,509,0
12001,da,1930,312205,35151,35151,3,1,2021.07.01 23:00,2021.07.13,2,2,999,519
12005,se,1232,212975,37493,38192,2,1,2021.07.01 23:09,2021.07.03,2,2,1120,0
12009,da,6088,74404,36698,36698,4,1,2021.07.01 23:20,2021.07.21,2,2,925,519
12013,se,2773,312213,36246,38234,2,1,2021.07.01 23:56,2021.07.07,2,2,4614,625
12017,da,2125,312215,36678,37032,2,1,2021.07.02 0:36,2021.07.07,2,2,4640,0
12021,da,304,234667,30360,36915,2,1,2021.07.02 3:37,2021.10.29,1,1,614,1313
12025,se,3346,312222,36708,36708,1,1,2021.07.02 7:23,2021.07.03,2,2,1034,1037
12029,da,1474,312223,38401,38401,2,1,2021.07.02 8:16,2021.07.11,4,2,4001,0
12033,da,1031,80167,36173,38099,5,1,2021.07.02 8:35,2021.08.09,2,2,972,902
12037,da,3895,95082,34054,34054,2,1,2021.07.02 8:52,2021.12.12,2,2,1190,903
12041,da,301,122236,36117,38434,3,1,2021.07.02 8:59,2021.08.09,2,2,4125,902
12045,da,3552,312229,36197,37957,2,1,2021.07.02 9:04,2021.07.16,2,2,787,0
12049,da,647,312230,37388,37388,2,1,2021.07.02 9:07,2021.08.25,4,4,4446,1331
12053,de,355,312233,37102,37102,2,1,2021.07.02 9:11,2021.09.25,4,4,2082,1281
12057,da,4728,263543,34982,38334,5,3,2021.07.02 9:13,2021.07.26,4,2,1722,0
12061,da,1474,312237,38369,38397,3,1,2021.07.02 9:16,2021.07.20,4,4,2883,319
12065,da,1072,51885,36704,38426,2,1,2021.07.02 9:20,2021.07.12,2,2,772,0
12069,se,2401,312242,37536,38226,2,1,2021.07.02 9:31,2021.08.05,2,2,1076,385
12073,da,2673,140075,37975,37976,2,1,2021.07.02 9:35,2021.07.02,2,2,4774,0
12077,se,1571,197164,36250,38208,3,1,2021.07.02 9:39,2021.07.26,2,2,1000,385
12081,da,651,100836,38026,38026,3,1,2021.07.02 9:48,2021.08.09,5,5,512,903
12085,da,4680,33431,36853,38126,2,1,2021.07.02 9:52,2021.07.08,2,2,1021,901
12089,no,3052,310096,36422,36422,2,1,2021.07.02 9:56,2021.07.25,2,2,1599,0
12093,se,3415,312250,38437,38437,2,1,2021.07.02 10:03,2021.07.22,2,2,3211,1114
12097,se,1394,283831,38463,38464,2,1,2021.07.02 10:05,2021.07.12,2,2,4735,1086
12101,da,301,6910,36117,38434,2,1,2021.07.02 10:11,2021.07.27,2,2,3902,903
12105,se,8006,195530,38467,38467,3,1,2021.07.02 10:13,2021.07.26,2,2,526,904
12109,se,7424,296951,36734,38352,3,1,2021.07.02 10:19,2021.08.08,2,2,3415,0
12113,da,5437,35886,38349,38354,2,1,2021.07.02 10:24,2021.08.08,2,2,1261,145
12117,se,6958,312258,35341,38148,2,1,2021.07.02 10:27,2021.08.03,2,2,703,0
12121,da,1191,273408,38353,38362,2,1,2021.07.02 10:31,2021.07.09,2,2,1018,145
12125,da,646,301439,37389,37969,2,1,2021.07.02 10:38,2021.07.14,2,2,3164,145
12129,da,1222,94853,33874,35927,2,2,2021.07.02 10:43,2021.08.06,4,4,4302,519
12133,se,4248,264972,35514,35514,3,1,2021.07.02 10:50,2021.09.07,2,2,979,905
12137,da,4086,68705,35330,35330,2,2,2021.07.02 10:52,2021.08.10,7,7,3781,1029
12141,da,301,35502,36117,38434,2,1,2021.07.02 10:59,2021.07.09,2,2,4471,903
12145,de,5790,312270,37887,37887,2,1,2021.07.02 11:07,2021.07.09,3,2,3893,1034
12149,no,2921,262432,36151,36151,2,2,2021.07.02 11:08,2021.08.01,2,2,1581,1031
12153,da,311,286549,36115,36115,2,2,2021.07.02 11:16,2021.07.07,2,2,4590,561
12157,da,2334,9514,36596,36596,2,1,2021.07.02 11:27,2021.08.11,4,4,3109,0
12161,se,4759,312276,37537,38225,2,1,2021.07.02 11:31,2021.08.29,2,2,1447,0
12165,da,1505,312090,36282,37780,2,2,2021.07.02 11:33,2021.07.02,2,2,4725,1029
12169,se,2905,173897,37443,38237,2,1,2021.07.02 11:36,2021.07.06,2,2,547,906
12173,se,2773,280722,36249,38235,2,1,2021.07.02 11:40,2021.07.18,2,2,2072,905
12177,da,1683,312281,30479,37290,2,1,2021.07.02 11:42,2021.07.12,2,2,4098,0
12181,se,1070,312285,37747,38188,2,1,2021.07.02 11:44,2021.07.14,2,2,1403,0
12185,da,2665,294658,36106,36106,3,1,2021.07.02 11:50,2021.10.11,2,2,2996,0
12189,da,1413,312055,36812,38477,3,2,2021.07.02 11:56,2021.07.07,2,2,4981,672
12193,da,3512,243590,37547,37927,2,4,2021.07.02 12:01,2021.08.27,3,2,4192,672
12197,se,7549,312292,37021,37021,2,1,2021.07.02 12:04,2021.07.02,2,2,2292,1037
12201,se,3950,157382,38043,38262,3,1,2021.07.02 12:10,2021.09.01,2,2,896,1086
12205,se,6554,134504,35628,35628,2,1,2021.07.02 12:17,2021.08.06,2,2,1618,904
12209,se,4759,204924,37537,38225,2,1,2021.07.02 12:23,2021.08.10,2,2,4808,906
12213,se,2758,232840,36869,36869,3,1,2021.07.02 12:28,2021.08.10,2,2,1391,1037
12217,da,7270,312301,36932,37671,2,1,2021.07.02 12:33,2021.09.14,2,2,3198,1103
12221,da,1215,195122,36307,36307,2,1,2021.07.02 12:39,2021.07.02,2,2,2999,519
12225,da,2463,187791,36458,37717,3,1,2021.07.02 12:47,2021.07.12,2,2,1232,1313
12229,se,1571,259682,36250,38208,2,1,2021.07.02 12:49,2021.07.26,2,2,4173,720
12233,da,505,24068,36029,36609,2,1,2021.07.02 12:51,2021.07.06,2,2,2206,672
12237,no,1952,312311,37905,38077,3,1,2021.07.02 13:00,2021.07.06,2,2,2652,498
12241,se,4759,312232,37537,38225,2,2,2021.07.02 13:09,2021.08.15,2,2,2545,906
12245,se,6828,312318,35626,35885,2,1,2021.07.02 13:16,2021.08.03,2,2,733,0
12249,da,647,186613,37388,37388,2,1,2021.07.02 13:20,2021.07.23,5,5,1109,519
12253,se,4759,312322,37537,38225,2,1,2021.07.02 13:27,2021.09.12,2,2,881,0
12257,da,1930,312323,35151,35151,4,1,2021.07.02 13:28,2021.07.11,6,4,560,0
12261,no,7672,149297,37774,37774,2,1,2021.07.02 13:34,2021.07.22,2,2,4985,1031
12265,da,301,59803,36117,38434,3,1,2021.07.02 13:45,2021.08.18,2,2,4192,903
12269,de,8246,312329,37476,37703,14,1,2021.07.02 13:50,2021.07.18,2,2,1151,0
12273,da,3840,13994,35770,36052,2,1,2021.07.02 13:55,2021.09.13,2,2,4654,0
12277,da,3495,72661,36314,36314,2,1,2021.07.02 14:00,2021.09.17,5,4,2246,319
12281,se,1232,312332,37493,38192,3,1,2021.07.02 14:05,2021.07.28,4,2,4824,0
12285,da,2995,312047,35558,37354,3,2,2021.07.02 14:07,2021.08.02,4,4,4314,319
12289,se,7427,312336,36657,36657,2,1,2021.07.02 14:15,2021.07.11,2,2,3481,720
12293,da,5880,312337,38057,38198,3,1,2021.07.02 14:17,2021.07.28,2,2,1089,1331
12297,da,884,126617,35385,38134,3,1,2021.07.02 14:23,2021.07.22,4,4,3024,0
12301,da,1388,159583,36278,36278,1,1,2021.07.02 14:32,2021.07.03,2,2,4071,519
12305,da,1717,312343,36025,37880,2,1,2021.07.02 14:39,2021.07.20,2,2,3478,0
12309,da,1388,204183,36278,36278,3,3,2021.07.02 14:42,2021.07.26,4,4,4763,902
12313,da,2655,312349,36856,36856,2,1,2021.07.02 14:47,2021.07.03,2,2,1441,1313
12317,da,1769,264993,37205,37962,2,1,2021.07.02 14:55,2021.08.18,3,3,2211,519
12321,da,325,80708,36851,37052,2,2,2021.07.02 15:04,2021.07.26,2,2,2191,902
12325,de,1374,312353,36259,36259,2,1,2021.07.02 15:15,2021.08.29,2,2,735,1033
12329,de,1072,263885,36774,38479,4,1,2021.07.02 15:18,2021.07.09,2,2,4795,1033
12333,da,648,312355,37391,38414,2,1,2021.07.02 15:24,2021.07.20,2,2,1585,561
12337,da,2673,312001,37984,37984,2,2,2021.07.02 15:31,2021.08.22,2,2,906,561
12341,de,6139,248544,37405,37461,2,1,2021.07.02 15:37,2021.09.10,5,4,751,626
12345,da,884,53024,35385,38134,4,2,2021.07.02 15:40,2021.08.23,2,2,831,561
12349,da,3260,310661,35892,35985,2,3,2021.07.02 15:47,2021.07.14,2,2,4332,0
12353,da,1805,312363,38084,38084,2,1,2021.07.02 15:51,2021.07.28,2,2,1611,0
12357,se,8006,14137,38467,38467,2,1,2021.07.02 15:57,2021.08.04,2,2,888,904
12361,se,1215,181020,36307,36307,2,1,2021.07.02 16:01,2021.08.04,2,2,1231,1037
12365,da,1140,30921,37494,37698,4,1,2021.07.02 16:05,2021.08.10,2,2,584,672
12369,da,4420,312369,37195,37198,2,1,2021.07.02 16:09,2021.07.12,2,2,3998,561
12373,da,4759,160023,37537,38225,3,2,2021.07.02 16:13,2021.07.11,2,2,2929,1313
12377,da,2673,156577,37984,38489,2,1,2021.07.02 16:19,2021.07.14,2,2,4179,0
12381,de,2793,312374,33889,33894,2,1,2021.07.02 16:22,2021.07.07,2,2,2011,1281
12385,de,1200,312375,36195,36195,5,1,2021.07.02 16:26,2021.08.01,2,2,2098,626
12389,da,968,47232,38082,38100,3,1,2021.07.02 16:30,2021.07.26,2,2,2495,519
12393,se,1394,312380,36816,36816,5,1,2021.07.02 16:35,2021.08.02,2,2,4105,1111
12397,da,5588,312370,36695,37932,2,1,2021.07.02 16:40,2021.07.19,3,3,1822,519
12401,da,1071,312384,38356,38356,3,1,2021.07.02 16:42,2021.08.17,3,3,4845,902
12405,se,2673,34130,30102,38487,4,1,2021.07.02 16:45,2021.07.26,2,2,1975,0
12409,da,830,312391,35903,36832,5,1,2021.07.02 16:51,2021.08.16,2,2,3951,0
12413,da,8272,166152,37677,37677,3,1,2021.07.02 17:02,2021.07.14,2,2,683,1331
12417,se,995,60109,36601,36601,2,1,2021.07.02 17:08,2021.07.16,2,2,4160,906
12421,se,1394,312399,38463,38464,4,1,2021.07.02 17:11,2021.07.28,2,2,2976,1037
12425,se,3279,312402,37023,38244,2,1,2021.07.02 17:17,2021.07.25,2,2,3019,1037
12429,da,1474,68964,38369,38397,2,1,2021.07.02 17:31,2021.08.01,4,4,2355,0
12433,se,4599,8698,37010,37010,2,2,2021.07.02 17:41,2021.08.08,2,2,2262,0
12437,da,3346,142938,36708,36708,2,1,2021.07.02 17:45,2021.07.15,2,2,4876,561
12441,se,1362,256506,38029,38029,3,1,2021.07.02 17:57,2021.08.23,4,4,1183,625
12445,da,1930,312411,35151,38485,3,1,2021.07.02 18:05,2021.08.01,2,2,1311,519
12449,da,884,7614,35385,38134,2,1,2021.07.02 18:11,2021.07.26,2,2,4873,1029
12453,da,1377,72243,36205,37300,5,1,2021.07.02 18:20,2021.07.22,3,3,649,1100
12457,da,311,312418,36115,36115,2,1,2021.07.02 18:24,2021.08.16,2,2,2474,519
12461,se,6945,251066,36805,36805,2,1,2021.07.02 18:30,2021.07.14,2,2,4816,0
12465,se,6566,312381,35631,38165,2,1,2021.07.02 18:35,2021.07.21,1,1,4963,990
12469,da,1617,312426,36244,37541,2,1,2021.07.02 18:50,2021.07.12,3,2,2561,1029
12473,de,5441,312428,37836,37836,2,1,2021.07.02 18:54,2021.07.19,2,2,2681,1281
12477,da,1191,169518,38353,38362,2,1,2021.07.02 19:10,2021.07.13,2,2,2611,902
12481,se,6514,312431,38323,38323,3,1,2021.07.02 19:14,2021.07.22,2,2,1742,1037
12485,da,3472,241696,37805,38438,2,1,2021.07.02 19:21,2021.07.12,2,2,1888,901
12489,da,391,176053,35577,35577,3,1,2021.07.02 19:28,2021.07.16,4,2,2977,519
12493,da,1054,10200,36437,36572,2,1,2021.07.02 19:36,2021.07.21,7,6,4758,903
12497,da,4056,312442,36750,36750,2,1,2021.07.02 19:41,2021.10.29,8,8,3635,0
12501,da,3730,311076,35968,35986,3,1,2021.07.02 19:51,2021.07.07,1,1,1775,0
12505,da,2673,54109,37984,38489,2,1,2021.07.02 20:01,2021.07.26,2,2,774,519
12509,da,4166,312447,37152,37152,2,1,2021.07.02 20:08,2021.11.19,5,5,3425,1331
12513,da,1191,22660,38353,38362,2,1,2021.07.02 20:13,2021.07.28,2,2,2104,0
12517,se,846,312452,38466,38472,2,1,2021.07.02 20:17,2021.07.04,2,2,984,891
12521,da,1474,312454,38369,38397,2,1,2021.07.02 20:26,2021.07.14,4,4,2803,1100
12525,da,1187,312458,36331,36331,3,1,2021.07.02 20:33,2021.07.14,2,2,970,0
12529,da,5974,72674,37972,37972,3,1,2021.07.02 20:35,2021.08.10,2,2,2510,519
12533,se,2905,257040,37443,38237,2,1,2021.07.02 20:38,2021.07.27,7,4,1663,0
12537,da,645,135233,37390,37390,2,1,2021.07.02 20:44,2021.07.12,6,6,961,672
12541,da,1474,43615,38369,38397,4,1,2021.07.02 20:55,2021.08.06,2,2,2233,672
12545,se,1377,312473,36205,37300,2,1,2021.07.02 21:00,2021.07.18,4,4,3569,1037
12549,se,846,312476,38466,38472,2,1,2021.07.02 21:06,2021.07.09,5,2,1171,0
12553,da,966,312479,38061,38431,2,1,2021.07.02 21:15,2021.08.09,2,2,717,1313
12557,da,1474,253303,38369,38397,4,1,2021.07.02 21:20,2021.07.28,2,2,2462,519
12561,se,2773,295241,36246,38234,2,1,2021.07.02 21:34,2021.08.03,2,2,1180,625
12565,da,2995,253303,35558,37354,2,1,2021.07.02 21:38,2021.08.01,2,2,4204,519
12569,de,7690,312487,35070,35340,2,1,2021.07.02 21:45,2021.12.17,2,2,2764,1033
12573,da,884,312490,35385,38134,1,1,2021.07.02 21:55,2021.07.23,2,2,3782,1313
12577,se,846,268092,38466,38472,2,1,2021.07.02 22:03,2021.07.07,2,2,2587,0
12581,se,6828,312495,35626,35885,3,1,2021.07.02 22:10,2021.08.16,4,4,738,277
12585,se,1232,312499,37493,38192,3,1,2021.07.02 22:25,2021.07.23,2,2,682,1037
12589,de,4124,312502,37063,37063,2,1,2021.07.02 22:40,2021.07.13,2,2,2062,1034
12593,de,509,312504,37983,37983,3,1,2021.07.02 22:45,2021.07.19,3,2,4533,815
12597,da,8048,312509,36808,36808,2,1,2021.07.02 23:02,2021.08.07,3,3,4701,519
12601,da,3029,312512,36846,36846,2,1,2021.07.02 23:24,2021.07.27,4,4,4651,58
12605,da,1191,312513,38353,38362,2,1,2021.07.02 23:55,2021.07.12,2,2,1124,561
12609,da,595,145660,36137,37804,2,1,2021.07.03 0:42,2021.07.05,2,2,3810,519
12613,da,7730,312520,37606,37935,3,1,2021.07.03 1:15,2021.07.29,2,2,3343,519
12617,se,2127,312394,35958,38222,3,2,2021.07.03 7:39,2021.08.10,2,2,3212,625
12621,da,301,260758,36117,38434,2,1,2021.07.03 8:26,2021.08.06,2,2,516,903
12625,da,1505,149860,36282,37780,2,1,2021.07.03 8:52,2021.08.02,4,2,1981,1331
12629,da,1930,312528,35151,38485,4,1,2021.07.03 9:07,2021.07.25,2,2,1184,0
12633,da,1071,17126,38356,38356,2,1,2021.07.03 9:14,2021.07.16,2,2,3918,902
12637,da,5438,168606,36619,37322,2,1,2021.07.03 9:27,2021.07.17,3,2,2923,1099
12641,da,5394,260687,35108,36253,5,1,2021.07.03 9:38,2021.07.08,4,4,2163,0
12645,da,1505,24348,36282,37780,2,1,2021.07.03 9:48,2021.07.12,2,2,1870,1099
12649,da,1474,310650,38369,38397,2,1,2021.07.03 9:49,2021.07.26,2,2,3732,1029
12653,se,6514,312535,38323,38323,3,1,2021.07.03 9:53,2021.07.22,2,2,3407,625
12657,no,4662,144613,36019,36019,2,1,2021.07.03 9:56,2021.07.05,2,2,4454,0
12661,se,610,239580,38046,38170,3,1,2021.07.03 10:06,2021.08.20,2,2,2708,1086
12665,da,648,32588,37391,38414,2,1,2021.07.03 10:08,2021.07.19,2,2,1380,903
12669,de,1072,312541,36113,38486,2,1,2021.07.03 10:14,2021.07.17,5,4,1589,436
12673,da,830,160161,35903,36832,2,1,2021.07.03 10:18,2021.09.08,2,2,1637,902
12677,da,5215,22218,37945,37945,2,1,2021.07.03 10:21,2021.07.18,2,2,3924,903
12681,se,3322,270268,36179,38248,2,1,2021.07.03 10:24,2021.07.26,2,2,1885,1343
12685,da,2645,312549,36550,36810,2,1,2021.07.03 10:28,2021.09.02,4,4,2740,0
12689,da,2862,312554,36844,36844,3,1,2021.07.03 10:35,2021.07.19,2,2,2877,519
12693,de,499,312556,37845,37845,2,1,2021.07.03 10:40,2021.07.17,2,2,2131,1257
12697,da,3260,312559,35892,35985,2,1,2021.07.03 10:49,2021.07.28,2,2,3948,519
12701,da,1374,214949,36259,36259,3,1,2021.07.03 10:53,2021.11.01,2,2,2226,561
12705,se,610,191752,37133,38172,3,1,2021.07.03 10:54,2021.08.04,2,2,4193,904
12709,da,7934,312564,37872,37872,2,1,2021.07.03 10:56,2021.07.12,4,4,4941,561
12713,da,2673,261874,37984,38489,2,2,2021.07.03 10:57,2021.08.24,2,2,1557,672
12717,da,3762,222778,33954,37330,4,1,2021.07.03 11:00,2021.07.27,4,4,1312,561
12721,da,357,52284,35576,35576,2,1,2021.07.03 11:04,2021.07.16,4,4,948,902
12725,da,5438,312573,36619,37322,2,1,2021.07.03 11:08,2021.07.07,1,1,4075,519
12729,de,3562,312408,35687,35687,3,2,2021.07.03 11:15,2021.09.28,2,2,4225,1333
12733,da,1505,251906,36282,37780,3,1,2021.07.03 11:25,2021.07.16,2,2,4264,0
12737,se,1571,146717,36250,38208,2,1,2021.07.03 11:31,2021.07.30,2,2,4272,0
12741,da,966,312580,38061,38431,2,1,2021.07.03 11:31,2021.08.09,2,2,2017,0
12745,de,7690,312584,35070,35340,3,1,2021.07.03 11:36,2021.08.04,2,2,3139,1281
12749,da,3802,312585,36276,37565,3,1,2021.07.03 11:40,2021.08.02,2,2,4349,561
12753,da,958,172215,37982,38367,3,1,2021.07.03 11:45,2021.08.30,4,4,1522,1029
12757,se,2125,76661,36678,37032,2,1,2021.07.03 11:48,2021.08.25,2,2,2850,906
12761,se,3260,268501,35891,35984,2,1,2021.07.03 11:51,2021.07.14,2,2,3237,625
12765,da,301,301861,36117,38434,4,1,2021.07.03 11:55,2021.08.10,2,2,1406,519
12769,da,2673,216955,37984,38489,2,1,2021.07.03 11:57,2021.07.21,2,2,595,903
12773,se,1394,312591,38463,38464,2,1,2021.07.03 11:59,2021.07.10,4,4,3132,625
12777,da,1140,249957,37494,37698,3,1,2021.07.03 12:01,2021.08.02,2,2,4355,561
12781,se,2673,133587,30102,38487,4,2,2021.07.03 12:07,2021.07.13,2,2,3124,1343
12785,da,1627,312597,37664,37664,4,1,2021.07.03 12:11,2021.07.19,3,2,927,116
12789,da,1191,194898,38353,38362,2,1,2021.07.03 12:16,2021.08.09,2,2,1563,0
12793,da,1191,194898,38353,38362,2,1,2021.07.03 12:23,2021.08.11,2,2,989,0
12797,da,884,8192,35385,38134,2,1,2021.07.03 12:26,2021.07.08,2,2,802,561
12801,da,1557,312606,36679,36700,3,1,2021.07.03 12:33,2021.07.26,4,4,2125,561
12805,da,391,312610,35577,35577,4,1,2021.07.03 12:38,2021.07.19,2,2,3570,0
12809,da,648,31970,37391,38414,2,1,2021.07.03 12:41,2021.07.06,2,2,4903,0
12813,da,1474,312615,38369,38397,2,1,2021.07.03 12:49,2021.07.06,2,2,3393,561
12817,se,846,257032,38466,38472,3,2,2021.07.03 12:51,2021.07.08,2,2,2271,0
12821,se,6514,298455,38323,38323,3,3,2021.07.03 12:57,2021.07.22,2,2,1720,0
12825,da,5691,33998,36102,37434,2,1,2021.07.03 13:01,2021.08.13,4,4,4433,0
12829,de,2793,312623,33889,33894,2,1,2021.07.03 13:06,2021.07.06,2,2,3253,1258
12833,da,648,312626,37391,38414,2,1,2021.07.03 13:13,2021.07.30,4,4,966,519
12837,da,2582,312631,36952,37267,2,1,2021.07.03 13:23,2021.08.14,2,2,4945,0
12841,da,4662,58911,36019,36019,4,1,2021.07.03 13:32,2021.07.19,2,2,4245,561
12845,da,2673,312635,37984,38489,2,1,2021.07.03 13:36,2021.07.06,2,2,1092,1029
12849,da,301,312628,36117,38434,2,2,2021.07.03 13:43,2021.07.12,2,2,1996,1104
12853,se,5880,185337,38057,38198,3,1,2021.07.03 13:52,2021.08.23,2,2,4916,385
12857,da,5495,312643,35725,38285,2,1,2021.07.03 13:55,2021.11.05,10,10,2227,672
12861,da,2464,267595,38478,38478,2,2,2021.07.03 13:59,2021.08.02,2,2,3123,561
12865,no,3283,312647,35456,35676,2,1,2021.07.03 14:05,2021.07.06,2,2,1028,0
12869,da,4854,312650,38480,38480,2,1,2021.07.03 14:09,2021.07.25,2,2,800,0
12873,da,884,178649,35385,38134,2,1,2021.07.03 14:19,2021.07.05,4,4,2251,761
12877,se,6514,312653,37721,38171,2,1,2021.07.03 14:33,2021.07.19,4,4,4548,1037
12881,da,2995,183095,35558,37354,2,1,2021.07.03 14:39,2021.08.08,4,4,1677,561
12885,se,6969,312658,37351,38146,2,1,2021.07.03 14:41,2021.08.02,3,2,3707,720
12889,da,1930,312660,35151,38485,2,1,2021.07.03 14:46,2021.07.10,2,2,4056,519
12893,da,5215,312664,37945,37945,3,1,2021.07.03 15:00,2021.07.06,3,3,1194,902
12897,se,1293,275234,37026,38199,2,1,2021.07.03 15:10,2021.07.11,2,2,772,891
12901,da,2673,312670,37984,38489,2,1,2021.07.03 15:21,2021.08.29,3,2,4171,1029
12905,se,6828,30033,35626,35885,2,1,2021.07.03 15:30,2021.08.02,4,4,822,0
12909,se,610,312674,37133,38172,3,1,2021.07.03 15:36,2021.08.02,7,6,3790,0
12913,da,1191,48958,38353,38362,2,1,2021.07.03 15:45,2021.07.26,2,2,2684,1331
12917,de,7690,312679,35070,35340,2,1,2021.07.03 15:56,2021.10.01,5,5,3395,1033
12921,se,4893,301035,38435,38435,3,1,2021.07.03 16:01,2021.07.26,2,2,4373,0
12925,se,654,312684,36297,36297,2,1,2021.07.03 16:20,2021.08.20,2,2,2004,1037
12929,da,3802,184819,36276,37565,2,1,2021.07.03 16:25,2021.08.09,2,2,4185,519
12933,no,4923,273329,35876,35876,2,1,2021.07.03 16:34,2021.07.23,4,4,2028,0
12937,da,7890,310796,36415,36427,3,1,2021.07.03 16:44,2021.07.04,2,2,916,561
12941,se,1370,312692,37076,38203,2,1,2021.07.03 16:50,2021.07.20,4,4,3697,625
12945,da,1388,10118,36278,36278,3,1,2021.07.03 16:53,2021.07.22,2,2,3575,672
12949,da,1474,312697,38369,38397,2,1,2021.07.03 16:58,2021.07.05,2,2,4295,519
12953,da,1833,27206,35426,35426,3,1,2021.07.03 17:11,2021.07.24,2,2,3788,1029
12957,da,7940,232409,36820,36820,4,1,2021.07.03 17:17,2021.07.16,2,2,1041,0
12961,se,5745,204699,37498,37498,3,1,2021.07.03 17:27,2021.09.06,2,2,2559,0
12965,da,1377,312705,36205,37300,2,1,2021.07.03 17:35,2021.07.14,2,2,981,561
12969,se,2773,312708,36246,38234,2,1,2021.07.03 17:43,2021.07.29,2,2,4517,1110
12973,da,3078,146825,35820,38391,5,1,2021.07.03 17:50,2021.07.21,2,2,2315,519
12977,se,8006,189032,38467,38467,2,1,2021.07.03 17:54,2021.07.26,4,4,3915,1113
12981,da,893,113443,36172,38080,3,1,2021.07.03 18:03,2021.07.19,2,2,4999,1029
12985,se,4893,184522,38435,38435,3,1,2021.07.03 18:16,2021.07.19,2,2,3920,625
12989,da,1108,312720,36058,37439,2,1,2021.07.03 18:26,2021.08.04,2,2,3203,519
12993,se,6828,312723,35626,35885,2,1,2021.07.03 18:35,2021.08.02,2,2,2896,0
12997,de,1390,312726,35464,35464,2,1,2021.07.03 18:53,2021.07.16,2,2,910,1277
13001,da,1474,139543,38369,38397,2,1,2021.07.03 19:06,2021.07.12,2,2,4332,1029
13005,se,4368,312733,37635,37965,2,1,2021.07.03 19:14,2021.08.29,2,2,4118,625
13009,da,915,312738,36155,36155,2,1,2021.07.03 19:28,2021.07.19,2,2,3492,561
13013,da,1505,312741,36282,37780,2,1,2021.07.03 19:50,2021.07.15,3,2,4368,672
13017,de,1072,312745,36113,38486,2,1,2021.07.03 20:00,2021.08.10,2,2,1821,909
13021,no,893,13759,36172,38080,3,1,2021.07.03 20:18,2021.07.19,2,2,2221,915
13025,da,5156,312750,34897,37245,3,1,2021.07.03 20:27,2021.07.19,2,2,2936,519
13029,se,846,312753,38466,38472,2,1,2021.07.03 20:34,2021.07.04,2,2,4313,0
13033,se,2528,312757,35653,38232,2,1,2021.07.03 20:40,2021.09.25,4,4,643,1113
13037,da,893,2212,36172,38080,2,1,2021.07.03 20:54,2021.08.19,2,2,2368,902
13041,da,493,312764,35650,35650,2,1,2021.07.03 20:59,2021.07.15,2,2,662,1029
13045,da,995,187861,36601,36601,2,1,2021.07.03 21:05,2021.08.11,4,4,2198,0
13049,no,1577,312768,37349,37349,2,1,2021.07.03 21:15,2021.08.11,2,2,2326,414
13053,da,505,217956,36029,36609,2,1,2021.07.03 21:40,2021.07.18,2,2,3593,519
13057,da,492,312772,35003,35369,4,1,2021.07.03 21:51,2021.07.18,5,4,4871,116
13061,da,893,43486,36172,38080,2,1,2021.07.03 22:08,2021.08.17,2,2,2541,1099
13065,da,6895,312777,37025,37025,2,1,2021.07.03 22:12,2021.07.12,4,4,1270,0
13069,da,958,312780,37982,38367,3,1,2021.07.03 22:25,2021.07.25,4,4,508,1029
13073,se,6945,312782,36805,36805,2,1,2021.07.03 22:30,2021.07.12,6,4,917,625
13077,de,1627,312785,37664,37664,3,1,2021.07.03 22:41,2021.08.11,2,2,1311,0
13081,da,1822,48790,36556,37222,3,1,2021.07.03 23:09,2021.08.02,2,2,549,0
13085,da,1191,312788,38353,38362,3,1,2021.07.03 23:24,2021.07.26,2,2,1014,0
13089,da,1191,234261,38353,38362,2,1,2021.07.04 0:24,2021.07.25,2,2,1494,519
13093,se,6021,312793,38347,38347,2,1,2021.07.04 5:36,2021.07.07,2,2,1056,1037
13097,se,846,312797,38058,38058,2,1,2021.07.04 8:30,2021.08.04,3,2,1006,1037
13101,se,3636,312800,38465,38465,2,1,2021.07.04 9:00,2021.07.26,2,2,3992,625
13105,da,537,312803,36682,38336,2,1,2021.07.04 9:09,2021.07.06,2,2,3114,1331
13109,se,2773,178661,36246,38234,2,1,2021.07.04 9:21,2021.08.02,2,2,4988,1037
13113,se,654,256305,36297,36297,2,1,2021.07.04 9:26,2021.08.26,2,2,1250,904
13117,da,2639,204734,36112,36112,2,1,2021.07.04 9:32,2021.07.25,2,2,3443,0
13121,da,995,312813,36601,36601,2,1,2021.07.04 9:39,2021.08.10,2,2,1584,672
13125,de,647,38898,37388,37388,2,1,2021.07.04 9:51,2021.07.09,2,2,2862,815
13129,da,648,312818,37391,38414,2,1,2021.07.04 9:58,2021.07.04,2,2,2766,519
13133,da,492,312823,37638,37795,4,1,2021.07.04 10:03,2021.07.17,3,2,1857,519
13137,se,3636,312826,38465,38465,2,1,2021.07.04 10:10,2021.07.26,2,2,3438,0
13141,se,3778,25480,35837,38259,3,1,2021.07.04 10:16,2021.07.19,4,4,1648,1086
13145,da,4637,273267,35796,38457,2,1,2021.07.04 10:18,2021.08.03,2,2,4524,0
13149,se,5807,13778,35171,35281,2,1,2021.07.04 10:21,2021.12.02,2,2,4170,1037
13153,da,5215,22391,37945,37945,3,1,2021.07.04 10:28,2021.08.02,3,3,4019,903
13157,da,1506,33687,34221,37841,3,1,2021.07.04 10:33,2021.08.15,2,2,1738,1313
13161,da,3435,312836,36194,37844,5,1,2021.07.04 10:35,2021.07.26,2,2,880,561
13165,da,860,312839,36321,36321,3,1,2021.07.04 10:36,2021.09.01,2,2,4349,0
13169,da,3975,312842,36753,37572,2,1,2021.07.04 10:40,2021.07.21,2,2,504,0
13173,se,8006,232041,38467,38467,2,1,2021.07.04 10:44,2021.07.12,2,2,3285,1037
13177,se,1322,167535,37383,38202,2,1,2021.07.04 10:47,2021.08.08,4,4,4594,904
13181,se,4368,312852,37635,37965,2,1,2021.07.04 10:52,2021.08.15,2,2,1376,625
13185,de,7890,312856,36416,36428,2,1,2021.07.04 10:57,2021.07.07,2,2,1973,1034
13189,de,2862,312857,36844,36844,3,1,2021.07.04 11:03,2021.07.19,4,4,4007,0
13193,se,4680,184620,36876,38127,4,3,2021.07.04 11:05,2021.08.01,2,2,4734,0
13197,da,1171,312846,35914,35914,2,1,2021.07.04 11:09,2021.07.23,2,2,1500,0
13201,da,391,165394,35577,35577,3,1,2021.07.04 11:11,2021.07.06,2,2,4293,0
13205,de,1072,312864,36113,38486,2,1,2021.07.04 11:15,2021.08.21,2,2,3650,1132
13209,da,830,200967,35903,36832,4,1,2021.07.04 11:17,2021.07.25,2,2,1537,0
13213,se,3415,284709,35827,38256,3,1,2021.07.04 11:20,2021.07.19,2,2,1134,307
13217,da,3802,242930,36276,37565,3,1,2021.07.04 11:21,2021.08.28,2,2,3061,0
13221,da,1474,220271,38369,38397,2,1,2021.07.04 11:23,2021.08.02,2,2,1585,0
13225,da,301,312873,36117,38434,2,1,2021.07.04 11:27,2021.08.20,2,2,1678,0
13229,da,4680,118372,36853,38126,3,2,2021.07.04 11:33,2021.07.06,2,2,1764,0
13233,da,1505,312878,36282,37780,3,1,2021.07.04 11:38,2021.07.12,2,2,832,672
13237,da,648,312881,37391,38414,2,1,2021.07.04 11:43,2021.07.10,2,2,710,0
13241,se,7936,207235,37174,37202,2,1,2021.07.04 11:48,2021.07.18,2,2,2612,0
13245,da,501,73100,36548,36548,2,1,2021.07.04 11:52,2021.07.26,4,4,4322,1029
13249,se,6205,312887,37372,38183,2,1,2021.07.04 11:55,2021.07.07,2,2,2199,905
13253,se,846,312889,38466,38472,2,1,2021.07.04 12:00,2021.07.10,3,2,2826,891
13257,da,505,51366,36029,36609,4,1,2021.07.04 12:10,2021.07.14,2,2,2958,903
13261,se,7427,312893,36657,36657,2,1,2021.07.04 12:16,2021.07.14,2,2,3241,1037
13265,da,509,9475,37983,37983,3,1,2021.07.04 12:23,2021.09.06,2,2,2285,903
13269,da,3390,224400,37058,37058,2,1,2021.07.04 12:29,2021.07.20,2,2,3145,1331
13273,da,1930,312901,35151,38485,4,1,2021.07.04 12:30,2021.07.19,5,4,2637,561
13277,no,4662,312902,36019,36019,3,1,2021.07.04 12:39,2021.07.11,2,2,585,0
13281,de,5713,312906,38419,38419,2,1,2021.07.04 12:47,2021.09.01,2,2,1064,0
13285,da,7730,181757,36083,37937,2,1,2021.07.04 12:52,2021.07.24,4,4,1108,519
13289,da,301,312910,36117,38434,2,1,2021.07.04 12:55,2021.07.12,2,2,833,1208
13293,no,7672,227807,37774,37774,3,1,2021.07.04 13:00,2021.07.22,2,2,4832,1031
13297,da,1506,73858,34221,37841,2,1,2021.07.04 13:03,2021.07.29,2,2,4149,0
13301,da,3029,312919,36846,36846,2,1,2021.07.04 13:07,2021.07.04,3,3,2573,519
13305,da,648,182213,37391,38414,2,1,2021.07.04 13:10,2021.07.19,2,2,975,519
13309,da,647,312922,37388,37388,2,1,2021.07.04 13:17,2021.07.29,2,2,3379,561
13313,se,846,312924,38058,38058,2,1,2021.07.04 13:22,2021.07.31,3,2,4377,891
13317,da,1505,114114,36282,37780,2,1,2021.07.04 13:25,2021.07.25,3,3,1221,761
13321,da,1232,301868,37493,38192,3,1,2021.07.04 13:32,2021.07.17,2,2,2401,561
13325,de,2813,312930,36426,36426,3,1,2021.07.04 13:44,2021.08.23,2,2,4278,0
13329,se,846,297514,38466,38472,2,1,2021.07.04 13:49,2021.07.07,2,2,1191,625
13333,da,1964,7034,35391,35397,3,1,2021.07.04 13:53,2021.07.14,2,2,3899,903
13337,da,647,212317,37388,37388,2,1,2021.07.04 13:55,2021.07.12,2,2,544,0
13341,da,1200,312940,37632,38093,3,1,2021.07.04 13:58,2021.07.06,4,2,3954,561
13345,da,3260,109116,35891,35984,2,1,2021.07.04 14:02,2021.07.19,4,4,3782,0
13349,se,996,312944,36625,36625,2,1,2021.07.04 14:06,2021.07.13,2,2,3950,0
13353,se,4086,265330,35330,35330,2,1,2021.07.04 14:10,2021.07.14,2,2,3764,1037
13357,da,2645,312950,36550,36810,2,1,2021.07.04 14:13,2021.09.24,5,5,633,519
13361,de,5375,312953,38122,38122,2,1,2021.07.04 14:19,2021.07.16,2,2,2615,1033
13365,da,1627,74744,37664,37664,2,1,2021.07.04 14:23,2021.07.27,4,4,1620,319
13369,da,992,312960,36065,36065,2,1,2021.07.04 14:27,2021.08.07,2,2,3423,0
13373,de,1171,312963,35914,35914,3,1,2021.07.04 14:31,2021.07.23,2,2,4778,1131
13377,se,6346,312965,36873,38175,2,1,2021.07.04 14:38,2021.08.22,2,2,4197,1111
13381,da,1388,276558,36278,36278,1,1,2021.07.04 14:41,2021.08.26,2,2,2232,1099
13385,de,7690,312967,35070,35340,2,1,2021.07.04 14:47,2021.08.22,4,4,3811,1131
13389,da,1505,255747,36282,37780,3,1,2021.07.04 14:51,2021.07.25,4,2,2374,519
13393,da,1474,312969,38369,38397,2,1,2021.07.04 14:59,2021.07.25,4,4,4330,519
13397,no,7763,11170,35868,35868,2,1,2021.07.04 15:10,2021.07.21,2,2,4614,1190
13401,se,5062,27790,36626,36651,2,1,2021.07.04 15:16,2021.07.25,6,6,3111,625
13405,da,1474,312978,38369,38397,2,1,2021.07.04 15:20,2021.07.16,3,3,4847,519
13409,da,1191,312983,38353,38362,2,1,2021.07.04 15:26,2021.08.03,4,4,4622,561
13413,da,2673,221062,37975,38488,2,1,2021.07.04 15:37,2021.07.16,2,2,3058,519
13417,se,5156,90642,37577,37577,2,1,2021.07.04 15:48,2021.07.21,2,2,2754,1113
13421,da,391,139598,35577,35577,2,1,2021.07.04 15:51,2021.07.06,2,2,4480,0
13425,se,2995,312995,35558,37354,3,1,2021.07.04 15:56,2021.08.15,4,4,4620,0
13429,da,1930,193858,35151,38485,3,1,2021.07.04 16:04,2021.07.05,2,2,2761,116
13433,da,5437,310766,38349,38484,2,1,2021.07.04 16:10,2021.07.25,2,2,4431,519
13437,da,1474,42948,38369,38397,2,1,2021.07.04 16:14,2021.07.21,2,2,1741,519
13441,de,3508,163223,35900,35900,2,4,2021.07.04 16:19,2021.09.05,2,2,909,0
13445,se,846,151389,38466,38472,2,1,2021.07.04 16:23,2021.07.07,2,2,1877,625
13449,da,7369,313005,38409,38409,3,1,2021.07.04 16:26,2021.09.19,5,4,930,1331
13453,da,311,59190,36115,36115,2,1,2021.07.04 16:30,2021.07.10,2,2,4076,1245
13457,da,3260,313008,35891,35984,2,1,2021.07.04 16:36,2021.08.01,2,2,3476,561
13461,de,1099,232241,36091,37441,4,1,2021.07.04 16:38,2021.09.14,2,2,4102,911
13465,de,6055,313013,37370,37370,6,1,2021.07.04 16:46,2021.09.05,2,2,1231,1033
13469,da,7516,184389,35263,37987,3,1,2021.07.04 16:49,2021.08.14,2,2,4562,672
13473,se,6948,281676,36570,38154,2,1,2021.07.04 16:55,2021.07.09,4,4,761,1113
13477,da,1170,313020,36099,37437,2,1,2021.07.04 17:03,2021.08.23,2,2,607,561
13481,se,8231,313024,37596,38168,2,1,2021.07.04 17:09,2021.07.07,2,2,3898,1037
13485,da,391,313030,35577,35577,5,1,2021.07.04 17:15,2021.07.18,3,2,4963,519
13489,da,830,170652,35903,36832,2,1,2021.07.04 17:20,2021.07.22,2,2,2674,903
13493,da,415,240526,36330,37864,4,1,2021.07.04 17:25,2021.08.13,2,2,550,519
13497,de,499,313038,37845,37845,4,1,2021.07.04 17:29,2021.09.13,2,2,1556,436
13501,se,2995,18548,35558,37354,2,1,2021.07.04 17:35,2021.07.25,4,4,747,0
13505,se,5470,313042,38053,38207,2,1,2021.07.04 17:42,2021.08.11,2,2,3831,1037
13509,da,4728,313044,34982,38334,4,1,2021.07.04 17:51,2021.07.19,4,2,4873,561
13513,de,6140,313048,37412,37463,3,1,2021.07.04 17:57,2021.09.06,2,2,4403,436
13517,da,1072,23004,35849,38427,3,1,2021.07.04 18:08,2021.07.06,3,2,4154,0
13521,da,1191,313059,38353,38362,3,1,2021.07.04 18:23,2021.07.18,2,2,2775,519
13525,da,6043,155876,33818,37624,2,1,2021.07.04 18:26,2021.08.23,2,2,4232,561
13529,de,505,313063,36029,36609,4,1,2021.07.04 18:28,2021.07.08,2,2,4756,0
13533,se,610,273180,38046,38170,3,1,2021.07.04 18:34,2021.09.01,2,2,1051,0
13537,da,1170,221814,36099,37437,4,1,2021.07.04 18:40,2021.08.01,4,4,2448,561
13541,da,995,313071,36601,36601,5,1,2021.07.04 18:48,2021.08.08,2,2,2050,519
13545,se,3472,149511,37805,38438,2,1,2021.07.04 18:58,2021.07.25,2,2,785,0
13549,da,3975,13692,36753,37572,2,1,2021.07.04 19:07,2021.08.05,2,2,2762,0
13553,se,3345,298848,37005,37005,3,1,2021.07.04 19:15,2021.07.12,2,2,1599,625
13557,da,1200,38954,37632,38093,2,1,2021.07.04 19:23,2021.07.05,2,2,4749,903
13561,da,505,313085,36029,36609,3,1,2021.07.04 19:25,2021.07.16,2,2,4152,0
13565,da,7270,313091,36932,37671,2,1,2021.07.04 19:26,2021.07.08,2,2,3486,1313
13569,da,1191,313094,38353,38362,2,1,2021.07.04 19:29,2021.08.05,4,4,2520,672
13573,da,415,313097,36330,37864,2,1,2021.07.04 19:37,2021.07.23,2,2,3983,561
13577,da,1474,2844,38369,38397,4,1,2021.07.04 19:41,2021.07.27,2,2,3640,519
13581,da,1505,313102,36282,37780,2,1,2021.07.04 19:45,2021.07.21,3,2,2666,561
13585,se,1394,313106,38463,38464,2,1,2021.07.04 19:51,2021.07.06,2,2,4992,1343
13589,de,6188,313108,38000,38000,7,1,2021.07.04 19:57,2021.08.15,2,2,3603,1033
13593,da,8244,177888,37626,37682,6,2,2021.07.04 20:02,2021.07.13,2,2,1725,519
13597,da,1474,313115,38401,38401,2,1,2021.07.04 20:09,2021.07.26,2,2,3619,0
13601,da,1474,114445,38369,38397,2,1,2021.07.04 20:12,2021.07.26,2,2,4594,519
13605,da,1215,280836,36307,36307,2,1,2021.07.04 20:18,2021.07.22,3,3,3896,1029
13609,da,361,313125,36026,36026,5,1,2021.07.04 20:21,2021.08.01,2,2,708,561
13613,da,1505,176238,36282,37780,3,1,2021.07.04 20:24,2021.07.31,2,2,3737,1245
13617,se,995,227161,36601,36601,5,1,2021.07.04 20:26,2021.08.19,2,2,4514,891
13621,se,2121,313134,37024,38421,5,1,2021.07.04 20:27,2021.08.18,4,4,1047,0
13625,da,1191,301608,38353,38362,3,1,2021.07.04 20:28,2021.07.20,2,2,2430,561
13629,da,3061,313138,36798,37362,2,1,2021.07.04 20:31,2021.07.18,3,3,3118,519
13633,de,4653,313143,35747,35747,6,1,2021.07.04 20:38,2021.08.07,2,2,4468,1033
13637,da,4680,313147,36853,38126,2,1,2021.07.04 20:42,2021.08.02,3,3,677,1029
13641,da,958,43020,35831,38366,5,1,2021.07.04 20:49,2021.10.11,4,4,3488,561
13645,da,1031,275437,36173,38099,2,1,2021.07.04 20:51,2021.07.15,2,2,4117,1029
13649,se,1187,209256,37951,37954,2,1,2021.07.04 20:54,2021.07.23,3,3,3584,0
13653,da,415,258161,36330,37864,2,1,2021.07.04 20:56,2021.07.22,2,2,2221,561
13657,se,846,313156,38466,38472,2,1,2021.07.04 21:00,2021.07.10,2,2,1447,1037
13661,da,1743,313159,36107,36107,3,1,2021.07.04 21:02,2021.07.11,5,4,1628,561
13665,da,428,313163,38398,38402,2,1,2021.07.04 21:07,2021.07.06,4,4,778,0
13669,se,1394,313165,38463,38464,2,1,2021.07.04 21:11,2021.07.26,2,2,610,625
13673,da,648,147203,37391,38414,2,1,2021.07.04 21:14,2021.07.19,2,2,1643,672
13677,da,5588,266614,36695,37932,2,1,2021.07.04 21:24,2021.07.18,2,2,1531,561
13681,da,995,286218,36601,36601,3,1,2021.07.04 21:31,2021.08.03,2,2,850,1029
13685,da,2673,111824,37984,38489,2,1,2021.07.04 21:37,2021.08.19,4,4,770,519
13689,da,7520,62372,37866,37866,2,1,2021.07.04 21:40,2021.07.18,2,2,4334,519
13693,da,1505,313177,36282,37780,2,1,2021.07.04 21:47,2021.07.29,4,2,1866,1313
13697,se,4893,313181,38435,38435,3,1,2021.07.04 21:52,2021.07.27,4,4,4756,625
13701,da,647,313187,37388,37388,2,1,2021.07.04 22:02,2021.07.05,3,2,2367,561
13705,da,647,313191,37388,37388,2,1,2021.07.04 22:07,2021.08.09,3,2,4314,561
13709,da,884,3159,35385,38134,3,1,2021.07.04 22:12,2021.09.06,2,2,2857,1029
13713,da,1374,32024,36258,36258,1,1,2021.07.04 22:18,2021.10.17,7,6,897,672
13717,da,1683,313195,30479,37290,2,1,2021.07.04 22:24,2021.08.03,2,2,1639,561
13721,se,6761,312964,38439,38482,2,1,2021.07.04 22:34,2021.07.21,2,2,1214,1086
13725,da,428,194773,38398,38402,4,1,2021.07.04 22:41,2021.07.05,2,2,2663,672
13729,da,4814,313207,37101,37101,2,1,2021.07.04 22:44,2021.07.11,2,2,4180,561
13733,da,648,55584,37391,38414,2,1,2021.07.04 22:58,2021.07.22,2,2,1238,561
13737,da,415,185985,36330,37864,3,1,2021.07.04 23:03,2021.07.22,3,2,978,519
13741,da,634,171830,34334,34334,3,1,2021.07.04 23:21,2021.07.08,2,2,4809,519
13745,de,1474,313217,38369,38397,4,1,2021.07.04 23:37,2021.07.25,2,2,2536,436
13749,se,846,313223,38058,38058,3,1,2021.07.05 0:27,2021.08.08,2,2,4532,625
13753,de,1688,313230,36309,36309,2,1,2021.07.05 1:24,2021.08.29,2,2,4371,1033
13757,da,645,223282,37390,37390,2,1,2021.07.05 6:46,2021.07.06,2,2,3454,519
13761,da,509,313235,37983,37983,3,1,2021.07.05 8:08,2021.07.20,2,2,874,561
13765,da,1964,313236,35391,35397,3,1,2021.07.05 8:42,2021.07.29,2,2,3038,561
13769,da,1200,156722,36195,36195,2,2,2021.07.05 9:02,2021.07.29,2,2,2773,672
13773,de,7690,313239,35070,35340,3,1,2021.07.05 9:05,2021.07.10,2,2,1135,0
13777,se,1370,83607,37076,38203,2,1,2021.07.05 9:07,2021.07.12,3,2,1170,0
13781,de,5394,313242,35108,36253,3,1,2021.07.05 9:09,2021.08.02,2,2,1702,0
13785,da,1200,313245,37632,38093,3,1,2021.07.05 9:12,2021.07.06,2,2,2585,0
13789,no,1665,313249,37737,37737,2,1,2021.07.05 9:19,2021.07.16,2,2,2022,0
13793,de,499,313252,37845,37845,2,1,2021.07.05 9:22,2021.07.27,2,2,3495,897
13797,no,7473,313253,37906,37906,2,1,2021.07.05 9:24,2021.07.11,2,2,1732,1185
13801,da,595,313255,36137,37804,2,1,2021.07.05 9:27,2021.07.07,2,2,1635,0
13805,se,5717,313260,36899,36899,2,1,2021.07.05 9:31,2021.07.21,4,4,3125,0
13809,se,1429,217567,36048,38206,2,2,2021.07.05 9:32,2021.08.03,2,2,4463,385
13813,da,5215,57172,37945,37945,2,1,2021.07.05 9:37,2021.07.06,2,2,1398,1029
13817,de,3353,313266,35399,35399,2,1,2021.07.05 9:39,2021.07.09,2,2,2311,1258
13821,da,355,217947,37102,37102,2,2,2021.07.05 9:46,2021.08.20,2,2,3671,903
13825,da,3260,312690,35892,35985,2,2,2021.07.05 9:50,2021.07.14,2,2,1547,1029
13829,no,3052,313270,36423,37445,2,1,2021.07.05 9:54,2021.07.26,2,2,1909,498
13833,no,996,20143,38089,38089,2,1,2021.07.05 9:56,2021.07.09,2,2,1705,908
13837,da,4420,313274,37195,37198,2,1,2021.07.05 10:00,2021.07.06,3,3,2469,561
13841,da,2194,313277,37755,37755,2,1,2021.07.05 10:00,2021.07.08,2,2,825,561
13845,se,505,177671,36029,36609,4,1,2021.07.05 10:06,2021.08.21,4,4,3961,720
13849,da,2681,165812,36245,36245,2,2,2021.07.05 10:08,2021.09.11,2,2,4517,672
13853,da,1474,247266,38369,38397,2,1,2021.07.05 10:13,2021.08.23,2,2,2833,519
13857,da,5215,308940,37945,37945,2,2,2021.07.05 10:16,2021.08.03,2,2,4204,1100
13861,se,846,313290,36219,38060,2,1,2021.07.05 10:19,2021.08.27,2,2,2944,1037
13865,no,1617,313292,36244,37541,2,1,2021.07.05 10:21,2021.07.20,3,2,1654,1030
13869,da,1374,294594,37641,37767,4,1,2021.07.05 10:24,2021.08.23,2,2,4018,1313
13873,da,610,231361,37133,38172,3,2,2021.07.05 10:25,2021.07.14,1,1,2791,1099
13877,se,846,226226,38466,38472,2,1,2021.07.05 10:29,2021.07.10,2,2,1675,1111
13881,se,3346,222406,36708,36708,2,1,2021.07.05 10:33,2021.07.07,2,2,2254,0
13885,da,7665,313301,34895,37253,2,1,2021.07.05 10:39,2021.07.28,2,2,2648,519
13889,se,6566,174472,38090,38167,3,1,2021.07.05 10:40,2021.07.19,2,2,3059,1086
13893,da,1374,203161,37641,37767,2,1,2021.07.05 10:42,2021.08.16,4,4,3081,0
13897,da,648,313307,37391,38414,2,1,2021.07.05 10:45,2021.07.05,2,2,3823,519
13901,da,4893,312416,35783,38422,3,2,2021.07.05 10:48,2021.07.05,5,4,1073,519
13905,se,1429,313308,36048,38206,2,1,2021.07.05 10:52,2021.07.13,2,2,4032,0
13909,se,846,313312,38466,38472,2,1,2021.07.05 10:54,2021.07.07,2,2,1684,891
13913,da,646,7919,37389,38490,2,1,2021.07.05 10:57,2021.07.28,2,2,2194,1029
13917,da,4637,313317,38418,38456,2,1,2021.07.05 11:02,2021.07.06,4,4,1940,561
13921,da,995,313319,36601,36601,2,1,2021.07.05 11:05,2021.07.23,2,2,2118,561
13925,da,648,313320,37391,38414,2,1,2021.07.05 11:07,2021.08.09,2,2,1127,561
13929,se,1429,278728,36048,38206,2,1,2021.07.05 11:08,2021.08.03,2,2,3819,720
13933,da,1364,146923,36412,38310,6,3,2021.07.05 11:12,2021.07.29,3,2,2420,519
13937,da,3802,313324,36276,37565,2,1,2021.07.05 11:14,2021.07.11,2,2,1564,1100
13941,da,645,137252,37390,37390,2,1,2021.07.05 11:19,2021.07.19,4,4,1129,116
13945,se,2127,203452,35958,38222,2,1,2021.07.05 11:22,2021.08.13,2,2,4195,625
13949,da,2464,313327,38478,38478,2,1,2021.07.05 11:24,2021.07.13,2,2,4813,902
13953,da,2673,298686,37975,38488,2,1,2021.07.05 11:26,2021.07.16,2,2,2698,1100
13957,se,4759,313332,37537,38225,2,1,2021.07.05 11:32,2021.07.06,2,2,2440,0
13961,da,648,197698,37391,38414,2,1,2021.07.05 11:35,2021.08.06,2,2,4326,901
13965,se,830,313338,35903,36832,2,1,2021.07.05 11:41,2021.08.19,2,2,1356,307
13969,da,3615,108716,33875,38033,2,1,2021.07.05 11:47,2021.08.12,8,8,4513,0
13973,se,4750,313344,37331,38227,2,1,2021.07.05 11:50,2021.08.24,2,2,815,891
13977,da,1072,313349,35849,38427,2,1,2021.07.05 12:00,2021.07.12,3,2,2289,1029
13981,se,6828,312885,35626,35885,2,1,2021.07.05 12:02,2021.08.13,4,4,3399,0
13985,da,648,313353,37391,38414,2,1,2021.07.05 12:07,2021.07.11,2,2,749,1245
13989,se,3415,212888,38437,38437,2,1,2021.07.05 12:11,2021.07.08,2,2,4205,1086
13993,da,3435,59896,36194,37844,4,3,2021.07.05 12:15,2021.07.12,3,2,879,672
13997,da,8191,24450,37977,37977,5,1,2021.07.05 12:16,2021.07.16,2,2,747,1029
14001,da,3514,246105,34091,34091,2,1,2021.07.05 12:19,2021.10.11,15,15,1022,1029
14005,de,7690,313337,35070,35340,2,2,2021.07.05 12:25,2021.08.02,2,2,2153,1281
14009,da,4124,313363,37063,37063,2,1,2021.07.05 12:28,2021.07.20,2,2,4906,519
14013,se,2127,225570,35958,38222,2,2,2021.07.05 12:33,2021.08.13,2,2,1608,0
14017,da,893,54702,36172,38080,2,1,2021.07.05 12:42,2021.07.21,2,2,3518,1099
14021,se,4893,313369,38435,38435,3,1,2021.07.05 12:44,2021.07.24,2,2,792,905
14025,da,3802,6473,36276,37565,3,1,2021.07.05 12:50,2021.08.23,4,4,4360,561
14029,da,7516,313372,35263,37987,3,1,2021.07.05 12:55,2021.07.06,2,2,3154,519
14033,se,6977,223929,38470,38470,3,2,2021.07.05 13:02,2021.07.28,2,2,3249,905
14037,da,1388,169237,36278,36278,3,1,2021.07.05 13:06,2021.08.06,3,3,2064,0
14041,da,5111,313377,36320,36320,4,1,2021.07.05 13:11,2021.07.11,4,3,816,0
14045,se,846,313379,38058,38058,2,1,2021.07.05 13:13,2021.08.10,5,2,1333,625
14049,no,4923,313380,35876,35876,2,1,2021.07.05 13:16,2021.07.17,2,2,3613,0
14053,da,1665,1856,37737,37737,2,1,2021.07.05 13:19,2021.07.17,2,2,715,0
14057,da,7665,313386,34895,37253,3,1,2021.07.05 13:21,2021.07.06,2,2,2276,0
14061,se,1394,181617,38463,38464,2,1,2021.07.05 13:23,2021.07.21,2,2,1335,905
14065,da,3512,312633,37547,38501,3,2,2021.07.05 13:26,2021.08.16,3,2,4752,561
14069,da,1388,313392,36278,36278,1,1,2021.07.05 13:28,2021.07.06,2,2,2494,519
14073,da,2464,313397,38478,38478,4,1,2021.07.05 13:32,2021.08.09,3,3,1791,519
14077,da,4148,311819,35297,35833,2,2,2021.07.05 13:35,2021.12.10,8,8,3256,561
14081,da,5215,10396,37945,37945,2,2,2021.07.05 13:38,2021.07.23,2,2,4703,1313
14085,da,2771,313406,35420,37323,2,1,2021.07.05 13:40,2021.07.27,2,2,4312,901
14089,da,1200,312843,36195,36195,3,1,2021.07.05 13:41,2021.07.29,2,2,2147,519
14093,no,4475,313410,36328,36328,4,1,2021.07.05 13:43,2021.07.27,2,2,1777,0
14097,da,648,313413,37391,38414,2,1,2021.07.05 13:47,2021.07.22,2,2,2578,561
14101,da,1474,313400,38369,38397,2,2,2021.07.05 13:55,2021.07.08,2,2,2079,0
14105,se,884,9059,35385,38134,3,1,2021.07.05 13:58,2021.08.11,2,2,3215,307
14109,da,3260,195495,35892,35985,2,2,2021.07.05 14:02,2021.08.10,2,2,1174,519
14113,no,2921,310582,36151,36151,2,1,2021.07.05 14:04,2021.07.31,2,2,1880,1185
14117,da,647,313421,37388,37388,2,1,2021.07.05 14:09,2021.07.28,2,2,3260,1099
14121,da,5437,244593,38349,38484,2,1,2021.07.05 14:14,2021.07.15,2,2,1384,47
14125,da,5537,313428,34717,34717,3,1,2021.07.05 14:17,2021.08.15,2,2,4953,1100
14129,se,4535,217245,37986,38238,2,1,2021.07.05 14:18,2021.07.18,2,2,4732,1086
14133,se,6828,170533,35626,35885,2,1,2021.07.05 14:25,2021.08.02,4,4,610,625
14137,da,5988,156456,35368,37255,2,1,2021.07.05 14:27,2021.07.13,2,2,946,561
14141,da,7934,311962,37872,37872,2,2,2021.07.05 14:32,2021.08.20,2,2,3810,0
14145,da,1474,313441,38369,38397,3,1,2021.07.05 14:33,2021.07.12,2,2,4172,0
14149,da,884,151569,35385,38134,4,2,2021.07.05 14:35,2021.08.16,4,4,2146,1099
14153,de,4124,313443,37063,37063,2,1,2021.07.05 14:37,2021.07.20,2,2,909,1132
14157,da,1688,313446,36309,36309,2,1,2021.07.05 14:39,2021.09.12,2,2,1232,1029
14161,da,1072,311712,36704,38499,3,3,2021.07.05 14:42,2021.07.07,6,4,2768,0
14165,da,1505,164129,36282,37780,2,1,2021.07.05 14:44,2021.07.22,2,2,1719,0
14169,da,1031,313450,36173,38099,2,1,2021.07.05 14:48,2021.07.08,3,2,1982,1331
14173,de,8246,313452,37476,37703,5,1,2021.07.05 14:51,2021.08.02,2,2,3787,626
14177,da,1557,159668,36679,36700,5,1,2021.07.05 14:54,2021.07.12,2,2,2852,0
14181,da,952,159668,33784,33784,3,1,2021.07.05 14:57,2021.07.17,2,2,3732,0
14185,se,7427,313456,36657,36657,2,1,2021.07.05 15:04,2021.07.14,2,2,3105,625
14189,se,1394,313459,38463,38464,2,1,2021.07.05 15:09,2021.07.16,4,4,2731,1113
14193,no,4662,313414,36019,38506,3,3,2021.07.05 15:14,2021.07.19,3,2,759,1031
14197,se,3950,313464,35788,38270,3,1,2021.07.05 15:21,2021.08.10,2,2,2767,0
14201,se,4630,151893,36730,36730,3,2,2021.07.05 15:25,2021.08.04,2,2,2539,891
14205,se,1293,313469,37026,38199,2,1,2021.07.05 15:29,2021.07.19,2,2,3505,1037
14209,da,1215,12312,36307,36307,4,1,2021.07.05 15:31,2021.07.15,2,2,2406,1099
14213,da,1930,188502,35151,38485,2,1,2021.07.05 15:38,2021.09.12,2,2,2792,0
14217,da,314,146921,36842,36842,2,1,2021.07.05 15:40,2021.07.15,2,2,4545,519
14221,se,2773,313425,36246,38234,2,1,2021.07.05 15:41,2021.07.28,2,2,2900,905
14225,da,1834,300230,35423,35423,3,1,2021.07.05 15:43,2021.08.24,4,4,4340,519
14229,no,4662,313481,36019,38506,2,1,2021.07.05 15:46,2021.07.18,1,1,1695,1185
14233,da,1474,313483,38369,38397,2,1,2021.07.05 15:48,2021.07.13,2,2,4606,561
14237,da,1031,313485,36173,38099,2,1,2021.07.05 15:52,2021.09.20,2,2,3357,901
14241,se,846,306089,38466,38472,2,2,2021.07.05 15:56,2021.07.05,3,2,3310,1037
14245,se,7549,313489,37021,37021,2,1,2021.07.05 16:00,2021.07.12,2,2,1412,307
14249,da,1120,12428,37377,37738,2,1,2021.07.05 16:04,2021.07.09,2,2,1752,561
14253,da,3029,280510,36846,36846,2,1,2021.07.05 16:07,2021.07.19,4,4,4297,0
14257,da,884,313497,35385,38134,1,1,2021.07.05 16:11,2021.08.03,3,3,1213,0
14261,da,2639,313498,36112,36112,2,1,2021.07.05 16:14,2021.07.25,4,4,2463,1029
14265,da,2463,312351,36458,37717,2,2,2021.07.05 16:18,2021.07.13,2,2,1821,902
14269,da,648,256019,37391,38414,2,1,2021.07.05 16:21,2021.08.10,2,2,3814,901
14273,da,5437,165032,38349,38484,2,3,2021.07.05 16:27,2021.08.23,2,2,4966,881
14277,da,3643,138984,8819,35486,2,2,2021.07.05 16:33,2021.07.29,4,4,3635,761
14281,da,7934,313506,37872,37872,2,1,2021.07.05 16:38,2021.08.02,3,3,3286,0
14285,da,1474,313348,38369,38397,2,2,2021.07.05 16:41,2021.07.08,2,2,3225,1099
14289,se,1964,292135,35391,35397,3,1,2021.07.05 16:44,2021.07.14,2,2,1503,1351
14293,da,1627,179026,37664,37664,4,1,2021.07.05 16:46,2021.07.08,2,2,681,903
14297,da,8030,313514,37447,37447,4,1,2021.07.05 16:51,2021.07.21,2,2,4621,0
14301,da,1072,152331,36704,38499,3,1,2021.07.05 16:53,2021.07.20,2,2,4894,561
14305,se,2905,313517,37443,38237,2,1,2021.07.05 16:53,2021.07.29,2,2,1039,625
14309,se,4599,313520,37010,37010,2,1,2021.07.05 16:57,2021.07.24,5,4,3748,1037
14313,de,7690,313523,35070,35340,2,1,2021.07.05 16:58,2021.08.06,2,2,4298,626
14317,de,7829,312903,36456,36456,2,2,2021.07.05 17:01,2021.07.28,2,2,4747,0
14321,da,1124,217619,38071,38071,2,1,2021.07.05 17:02,2021.07.15,2,2,501,519
14325,da,505,6701,36029,36609,2,1,2021.07.05 17:03,2021.07.21,2,2,1592,561
14329,da,884,57749,35385,38134,2,1,2021.07.05 17:06,2021.07.22,3,3,2674,902
14333,da,6648,313532,35028,37231,2,1,2021.07.05 17:07,2021.07.08,2,2,3765,1313
14337,no,3052,248758,36422,36422,2,1,2021.07.05 17:10,2021.07.25,3,2,4114,0
14341,da,505,68375,36029,36609,2,1,2021.07.05 17:13,2021.07.21,2,2,2331,901
14345,da,4854,83425,38480,38480,5,2,2021.07.05 17:19,2021.07.23,3,3,2418,519
14349,se,8175,313543,37653,37653,3,1,2021.07.05 17:21,2021.09.03,2,2,2422,625
14353,da,1474,313547,38369,38397,2,1,2021.07.05 17:29,2021.07.12,2,2,3917,1029
14357,da,8285,151891,37599,37599,2,2,2021.07.05 17:32,2021.07.14,3,3,4695,519
14361,da,846,313551,38058,38058,2,1,2021.07.05 17:34,2021.07.10,2,2,634,519
14365,de,3508,179969,35900,35900,3,2,2021.07.05 17:37,2021.08.01,2,2,3266,1033
14369,da,7457,313555,36578,36578,3,1,2021.07.05 17:43,2021.09.10,2,2,1901,0
14373,se,505,69464,36029,36609,2,1,2021.07.05 17:48,2021.07.13,2,2,4409,1037
14377,da,648,313558,37391,38414,2,1,2021.07.05 17:50,2021.07.21,5,5,2639,1029
14381,da,1191,313560,38353,38362,2,1,2021.07.05 17:55,2021.07.23,2,2,3884,0
14385,da,492,313562,37638,37795,3,1,2021.07.05 17:56,2021.07.23,2,2,4900,519
14389,da,505,270672,36029,36609,2,1,2021.07.05 18:04,2021.07.16,2,2,1715,1100
14393,se,4893,313566,38435,38435,3,1,2021.07.05 18:07,2021.07.26,2,2,3205,625
14397,da,1215,252364,36307,36307,2,1,2021.07.05 18:12,2021.08.25,2,2,2023,1029
14401,se,6514,180389,38323,38323,3,1,2021.07.05 18:15,2021.07.22,2,2,1884,905
14405,de,4929,283744,33801,35104,3,1,2021.07.05 18:21,2021.10.07,7,7,3273,436
14409,da,492,313572,35003,35369,4,1,2021.07.05 18:26,2021.07.13,2,2,4683,561
14413,da,3070,193137,35506,37357,2,1,2021.07.05 18:29,2021.07.09,2,2,3271,519
14417,se,8231,38801,37596,38168,2,1,2021.07.05 18:36,2021.07.27,3,3,2453,891
14421,da,1191,259672,38353,38362,2,1,2021.07.05 18:43,2021.07.23,2,2,4129,561
14425,da,2681,259736,36245,36245,2,1,2021.07.05 18:47,2021.07.31,2,2,3938,561
14429,da,647,312665,37388,37388,2,1,2021.07.05 18:49,2021.07.19,2,2,1448,561
14433,da,968,16009,38082,38100,4,1,2021.07.05 18:54,2021.08.16,2,2,4997,1099
14437,de,1505,313581,36282,37780,2,1,2021.07.05 18:59,2021.08.05,2,2,969,1034
14441,se,7426,133261,35780,38166,2,1,2021.07.05 19:06,2021.07.20,2,2,609,904
14445,se,2125,313586,38509,38509,2,1,2021.07.05 19:08,2021.07.18,4,2,1475,891
14449,se,846,313590,38058,38058,2,1,2021.07.05 19:17,2021.08.02,2,2,738,1037
14453,da,3508,313591,35900,35900,3,1,2021.07.05 19:20,2021.08.01,4,4,3000,1029
14457,da,884,307587,35385,38134,1,1,2021.07.05 19:24,2021.07.22,2,2,4156,901
14461,se,6483,222422,37859,38158,2,1,2021.07.05 19:26,2021.07.08,2,2,4057,1037
14465,da,2681,132769,36245,36245,2,1,2021.07.05 19:32,2021.08.05,2,2,589,561
14469,da,645,313603,37390,37390,2,1,2021.07.05 19:35,2021.07.19,2,2,4616,519
14473,da,1805,313606,38084,38084,3,1,2021.07.05 19:40,2021.08.05,2,2,1829,1331
14477,da,1474,313609,38369,38397,4,1,2021.07.05 19:44,2021.08.01,2,2,2981,519
14481,da,4766,313615,37912,37912,2,1,2021.07.05 19:49,2021.07.17,2,2,3006,519
14485,da,3070,291982,36729,37356,2,1,2021.07.05 19:50,2021.08.17,2,2,3618,561
14489,da,509,39952,35830,38328,5,1,2021.07.05 19:52,2021.08.29,2,2,1836,561
14493,da,1474,277031,38369,38397,2,1,2021.07.05 19:55,2021.08.10,2,2,4726,901
14497,da,314,223169,36842,36842,2,1,2021.07.05 20:02,2021.07.07,3,3,4381,0
14501,da,3070,191087,35506,37357,3,1,2021.07.05 20:07,2021.07.18,2,2,3445,519
14505,no,6729,313622,37555,38128,2,1,2021.07.05 20:11,2021.07.25,2,2,2160,1031
14509,da,4274,37179,38036,38036,2,1,2021.07.05 20:12,2021.07.20,2,2,2197,672
14513,da,7516,220912,35263,37987,2,1,2021.07.05 20:16,2021.07.11,2,2,4465,519
14517,da,2582,120310,36952,37267,2,1,2021.07.05 20:22,2021.08.05,2,2,813,519
14521,se,6828,147218,35626,35885,2,1,2021.07.05 20:26,2021.08.04,4,4,2945,625
14525,no,1952,185582,37905,38077,2,1,2021.07.05 20:31,2021.07.12,3,3,990,651
14529,se,7662,299240,37581,37581,2,1,2021.07.05 20:32,2021.07.25,4,4,4079,625
14533,da,1031,313643,36173,38099,3,1,2021.07.05 20:34,2021.10.11,2,2,1926,519
14537,da,645,313646,37390,37390,2,1,2021.07.05 20:41,2021.07.12,2,2,944,519
14541,se,3415,185279,38437,38437,3,1,2021.07.05 20:45,2021.07.16,2,2,4470,0
14545,da,648,313656,37391,38414,2,1,2021.07.05 20:53,2021.07.14,2,2,4879,1029
14549,da,3061,234752,36798,37362,2,1,2021.07.05 20:54,2021.07.14,2,2,3241,0
14553,da,314,55545,36842,36842,3,1,2021.07.05 20:57,2021.07.19,2,2,2294,0
14557,de,7690,313662,35070,35340,2,1,2021.07.05 21:03,2021.10.15,6,4,3181,0
14561,da,1627,273286,35879,35879,2,1,2021.07.05 21:12,2021.08.09,4,4,4254,519
14565,se,5710,7673,38066,38132,3,1,2021.07.05 21:15,2021.08.03,2,2,3512,905
14569,da,1930,260473,35151,38485,2,1,2021.07.05 21:21,2021.10.08,6,6,4710,901
14573,se,6828,213992,35626,35885,2,1,2021.07.05 21:24,2021.08.08,2,2,3173,905
14577,da,1627,13059,37664,37664,2,1,2021.07.05 21:26,2021.07.30,4,4,2226,561
14581,de,5534,280537,35665,35665,2,1,2021.07.05 21:29,2021.08.08,2,2,4534,1034
14585,de,499,312770,37845,37845,2,1,2021.07.05 21:32,2021.07.20,2,2,1960,1132
14589,da,4728,313678,34982,38334,5,1,2021.07.05 21:36,2021.07.18,2,2,4311,0
14593,da,1233,313681,36357,38299,5,1,2021.07.05 21:41,2021.07.18,5,4,1565,519
14597,se,2125,313683,38509,38509,2,1,2021.07.05 21:44,2021.07.16,2,2,1968,1086
14601,se,5807,174388,35171,35281,2,1,2021.07.05 21:46,2021.08.20,2,2,3655,1086
14605,se,3415,313686,38437,38437,2,1,2021.07.05 21:50,2021.07.22,2,2,856,625
14609,se,846,313687,38466,38472,2,1,2021.07.05 21:54,2021.07.10,2,2,888,1113
14613,da,1474,313691,38369,38397,3,1,2021.07.05 21:57,2021.07.21,2,2,736,519
14617,da,1109,303623,35798,36522,1,1,2021.07.05 21:59,2021.07.09,4,4,1126,0
14621,se,8006,313698,38467,38467,2,1,2021.07.05 22:00,2021.07.19,2,2,3290,625
14625,da,830,206689,35903,36832,2,1,2021.07.05 22:04,2021.07.22,2,2,607,519
14629,se,6587,313702,37380,37380,2,1,2021.07.05 22:12,2021.07.15,2,2,3635,1113
14633,da,5215,89435,37945,37945,2,1,2021.07.05 22:18,2021.07.25,3,2,3473,519
14637,se,2125,313707,38509,38509,3,1,2021.07.05 22:20,2021.07.22,2,2,1443,1037
14641,da,645,27358,37390,37390,2,1,2021.07.05 22:23,2021.07.13,2,2,1770,561
14645,no,2921,273729,36151,36151,2,1,2021.07.05 22:29,2021.08.11,2,2,1176,1030
14649,da,1377,313716,36205,37300,2,1,2021.07.05 22:32,2021.07.09,2,2,3121,561
14653,de,499,285065,37845,37845,3,1,2021.07.05 22:43,2021.07.26,2,2,4692,0
14657,se,5954,313721,37831,37831,2,1,2021.07.05 22:50,2021.07.25,2,2,4923,625
14661,da,2639,313724,36112,36112,2,1,2021.07.05 23:01,2021.08.01,2,2,4419,561
14665,da,1150,289685,38348,38348,5,2,2021.07.05 23:09,2021.07.14,2,2,4815,519
14669,da,1140,253675,37494,37698,2,1,2021.07.05 23:34,2021.08.01,2,2,2702,901
14673,da,2995,313731,35558,37354,2,1,2021.07.05 23:58,2021.07.15,2,2,4740,1029
14677,se,4893,313734,38435,38435,3,1,2021.07.06 0:42,2021.07.26,3,2,4131,625
14681,se,6958,70032,35341,38148,2,1,2021.07.06 6:45,2021.07.19,3,2,3893,625
14685,se,6479,166925,37749,38153,2,1,2021.07.06 7:16,2021.07.23,2,2,3897,905
14689,da,647,307883,37388,37388,2,1,2021.07.06 7:45,2021.08.01,2,2,3832,561
14693,da,5588,209326,36695,37932,2,1,2021.07.06 8:11,2021.07.14,3,3,573,519
14697,da,1031,140002,36173,38099,2,2,2021.07.06 8:30,2021.07.22,5,4,632,561
14701,se,5327,313746,37366,38145,2,1,2021.07.06 8:42,2021.08.03,2,2,1127,1086
14705,da,830,52817,35903,36832,2,1,2021.07.06 8:45,2021.08.12,4,4,3096,903
14709,se,5062,22706,36626,36651,2,1,2021.07.06 9:05,2021.07.08,2,2,4206,906
14713,da,5974,22738,37972,37972,2,1,2021.07.06 9:09,2021.08.09,2,2,516,354
14717,no,3874,313380,36717,36717,2,2,2021.07.06 9:14,2021.07.15,2,2,3563,0
14721,da,8123,313754,37414,37414,2,1,2021.07.06 9:20,2021.08.11,2,2,4535,0
14725,no,7473,147230,37906,37906,2,1,2021.07.06 9:25,2021.07.22,2,2,3454,1185
14729,da,1665,313756,37737,37737,2,1,2021.07.06 9:29,2021.07.16,2,2,3350,0
14733,da,4728,283825,34982,38334,2,1,2021.07.06 9:30,2021.07.07,2,2,4405,519
14737,se,6945,63389,36805,36805,3,2,2021.07.06 9:34,2021.07.11,2,2,4373,1037
14741,da,1031,40659,36173,38099,2,1,2021.07.06 9:36,2021.07.10,2,2,1596,0
14745,se,7427,313762,36657,36657,2,1,2021.07.06 9:39,2021.09.09,4,4,719,1086
14749,se,8025,313764,37038,37054,2,1,2021.07.06 9:45,2021.07.09,2,2,2293,0
14753,se,846,226760,36219,38060,2,1,2021.07.06 9:48,2021.08.23,2,2,2758,307
14757,da,505,29711,36029,36609,2,1,2021.07.06 9:55,2021.10.15,4,4,3637,561
14761,da,505,192121,36029,36609,3,2,2021.07.06 10:00,2021.07.13,4,3,1912,901
14765,se,6958,270934,35341,38148,2,1,2021.07.06 10:04,2021.08.02,2,2,3416,625
14769,se,1394,270934,36816,36816,4,1,2021.07.06 10:07,2021.08.04,2,2,3225,625
14773,da,647,7137,37388,37388,2,1,2021.07.06 10:11,2021.08.02,2,2,3035,901
14777,se,1232,48942,37493,38192,2,4,2021.07.06 10:17,2021.09.18,4,4,1316,307
14781,da,1140,174436,37494,37698,4,1,2021.07.06 10:21,2021.08.10,2,2,1499,1100
14785,se,1394,313783,38463,38464,2,1,2021.07.06 10:23,2021.07.14,2,2,4433,1037
14789,da,1140,313785,37494,37698,2,1,2021.07.06 10:25,2021.08.01,2,2,3439,672
14793,da,1191,313786,38353,38362,2,1,2021.07.06 10:27,2021.07.12,4,4,2168,561
14797,da,505,313791,36029,36609,2,1,2021.07.06 10:29,2021.07.06,2,2,4245,0
14801,da,645,313795,37390,37390,2,1,2021.07.06 10:35,2021.07.11,4,4,4632,672
14805,de,3569,242555,36726,37251,2,1,2021.07.06 10:36,2021.08.12,2,2,1360,0
14809,da,3832,147094,37057,37057,3,1,2021.07.06 10:39,2021.07.27,3,2,2669,519
14813,da,391,313689,35577,35577,3,2,2021.07.06 10:44,2021.07.12,5,4,3868,519
14817,de,5713,312557,38419,38419,4,2,2021.07.06 10:51,2021.07.25,5,4,3714,626
14821,se,1662,252022,33919,37587,2,1,2021.07.06 11:00,2021.07.10,2,2,1592,0
14825,se,1394,313810,38463,38464,2,1,2021.07.06 11:05,2021.07.14,2,2,3324,1086
14829,da,1688,313813,36309,36309,2,1,2021.07.06 11:11,2021.09.02,4,4,4842,1029
14833,da,1072,122364,36704,38499,4,2,2021.07.06 11:17,2021.07.12,4,4,4153,0
14837,se,6958,313816,35341,38148,2,1,2021.07.06 11:19,2021.07.17,2,2,1338,1086
14841,se,1394,311908,38463,38464,2,1,2021.07.06 11:20,2021.07.07,2,2,2172,1086
14845,da,5588,52877,36695,37932,2,1,2021.07.06 11:27,2021.08.10,4,4,888,761
14849,da,2995,313820,35558,37354,3,1,2021.07.06 11:36,2021.08.02,2,2,1550,319
14853,se,1293,312393,37026,38199,2,1,2021.07.06 11:39,2021.07.10,4,4,4395,891
14857,se,3029,313824,36846,36846,2,1,2021.07.06 11:41,2021.07.11,2,2,4719,307
14861,da,355,254617,37102,37102,2,1,2021.07.06 11:46,2021.08.25,2,2,4301,0
14865,no,4923,269938,35876,35876,2,1,2021.07.06 11:49,2021.07.11,4,4,2294,915
14869,se,1275,313830,38468,38468,3,1,2021.07.06 11:52,2021.07.13,2,2,4255,1114
14873,da,3260,116,35891,35984,2,2,2021.07.06 11:56,2021.07.21,4,4,2363,561
14877,da,537,313787,36682,38336,2,2,2021.07.06 12:03,2021.08.20,2,2,3323,1029
14881,da,1072,313837,36704,38499,5,1,2021.07.06 12:05,2021.07.08,2,2,772,519
14885,da,1474,313839,38369,38397,2,1,2021.07.06 12:08,2021.07.26,2,2,4371,519
14889,se,6958,313838,35341,38148,1,1,2021.07.06 12:11,2021.07.15,3,2,3071,0
14893,da,3776,224477,37430,37430,2,1,2021.07.06 12:13,2021.07.19,4,4,3146,0
14897,se,6458,313843,36162,36162,2,1,2021.07.06 12:17,2021.07.16,2,2,3925,905
14901,da,7690,140712,35070,35340,3,1,2021.07.06 12:18,2021.07.15,2,2,4286,672
14905,da,1474,126238,38369,38397,4,1,2021.07.06 12:21,2021.07.26,6,5,3560,0
14909,da,1191,313849,38353,38362,3,1,2021.07.06 12:29,2021.07.19,2,2,4618,319
14913,da,4320,64178,36652,36652,2,1,2021.07.06 12:32,2021.11.26,4,4,1041,902
14917,da,505,19813,36029,36609,3,1,2021.07.06 12:37,2021.07.23,2,2,910,561
14921,da,1171,166530,35914,35914,2,1,2021.07.06 12:41,2021.07.07,3,3,2571,561
14925,da,2655,1144,36856,36856,2,1,2021.07.06 12:50,2021.07.15,2,2,1719,672
14929,da,391,311970,35577,35577,4,2,2021.07.06 12:57,2021.07.13,2,2,4066,519
14933,se,3279,273805,37023,38244,3,1,2021.07.06 13:03,2021.08.01,4,4,2607,307
14937,da,4766,313870,37912,37912,3,1,2021.07.06 13:06,2021.07.29,2,2,3465,1313
14941,da,7762,66700,38297,38297,3,2,2021.07.06 13:10,2021.07.19,2,2,3002,0
14945,se,654,313874,36297,36297,2,1,2021.07.06 13:13,2021.08.20,4,4,4058,0
14949,da,2655,313876,36856,36856,2,1,2021.07.06 13:21,2021.07.11,2,2,1001,561
14953,de,355,313878,37102,37102,2,1,2021.07.06 13:27,2021.08.19,2,2,1643,1355
14957,da,830,313880,35903,36832,4,1,2021.07.06 13:38,2021.08.02,2,2,1459,0
14961,se,8006,233615,37140,37621,2,1,2021.07.06 13:39,2021.09.27,4,4,3315,1086
14965,da,415,313886,36330,37864,2,1,2021.07.06 13:44,2021.07.16,2,2,4497,519
14969,da,505,313888,36029,36609,2,1,2021.07.06 13:52,2021.08.03,2,2,4363,1029
14973,da,505,53244,36029,36609,2,1,2021.07.06 14:00,2021.08.12,2,2,4630,561
14977,da,884,160275,35385,38134,4,2,2021.07.06 14:05,2021.08.02,2,2,3640,672
14981,da,595,159100,36137,37804,3,1,2021.07.06 14:10,2021.08.01,2,2,1457,0
14985,da,1191,4131,38353,38362,2,2,2021.07.06 14:13,2021.07.13,2,2,974,116
14989,da,3932,313897,36573,36573,2,1,2021.07.06 14:22,2021.08.18,2,2,3739,519
14993,da,966,28118,38061,38431,2,1,2021.07.06 14:26,2021.09.01,4,4,2646,0
14997,da,1045,313897,36280,36280,1,1,2021.07.06 14:27,2021.08.17,2,2,3737,519
15001,de,3361,313905,35256,35256,2,1,2021.07.06 14:31,2021.07.11,3,2,4503,1034
15005,da,7825,23408,36693,38452,2,2,2021.07.06 14:38,2021.07.24,3,3,2878,672
15009,da,2771,313910,37963,37963,2,1,2021.07.06 14:49,2021.07.09,1,1,793,1029
15013,da,647,207066,37388,37388,2,1,2021.07.06 14:53,2021.07.26,2,2,4030,0
15017,se,7426,313416,35780,38166,2,2,2021.07.06 14:59,2021.07.11,2,2,3218,1086
15021,de,1031,313922,36173,38099,2,1,2021.07.06 15:04,2021.07.15,3,3,567,0
15025,de,7662,55086,34992,37280,2,1,2021.07.06 15:08,2021.08.17,2,2,1220,1033
15029,de,7690,313927,35070,35340,2,1,2021.07.06 15:16,2021.08.03,2,2,1836,1132
15033,da,645,226715,37390,37390,2,1,2021.07.06 15:25,2021.07.14,2,2,1489,0
15037,se,7486,34904,37008,37008,2,1,2021.07.06 15:28,2021.07.13,2,2,615,0
15041,da,1031,253899,36173,38099,4,1,2021.07.06 15:35,2021.07.15,2,2,3140,561
15045,se,3415,313647,38437,38437,2,2,2021.07.06 15:39,2021.07.16,3,2,4549,625
15049,se,4630,313939,36730,36730,2,1,2021.07.06 15:44,2021.08.10,2,2,1131,1086
15053,da,7934,265325,37872,37872,3,1,2021.07.06 15:47,2021.08.02,2,2,3051,902
15057,da,4637,201870,38418,38456,2,1,2021.07.06 15:49,2021.07.26,2,2,2640,561
15061,da,505,313943,36029,36609,2,1,2021.07.06 15:55,2021.07.07,2,2,1954,561
15065,da,1822,177559,36556,37222,3,4,2021.07.06 15:56,2021.08.05,2,2,1441,0
15069,da,1474,220098,38369,38397,3,1,2021.07.06 15:59,2021.07.28,2,2,938,672
15073,da,6043,177192,37995,37995,1,1,2021.07.06 16:04,2021.08.22,2,2,2029,519
15077,da,3626,14358,37338,38101,2,2,2021.07.06 16:06,2021.08.23,4,4,1715,761
15081,da,2995,313958,35558,37354,2,1,2021.07.06 16:08,2021.07.15,2,2,4121,561
15085,se,3415,16264,35827,38256,2,1,2021.07.06 16:15,2021.07.19,2,2,1255,307
15089,se,846,313963,38466,38472,2,1,2021.07.06 16:17,2021.07.10,3,2,2562,891
15093,de,7829,312600,36456,36456,2,2,2021.07.06 16:19,2021.08.09,4,4,3354,1257
15097,da,595,70645,36137,37804,2,1,2021.07.06 16:26,2021.08.08,2,2,3526,1313
15101,da,1627,313969,37664,37664,3,1,2021.07.06 16:31,2021.07.07,4,4,514,1331
15105,da,893,151860,36172,38080,1,1,2021.07.06 16:37,2021.08.12,2,2,1371,1331
15109,da,647,313973,37388,37388,2,1,2021.07.06 16:39,2021.07.13,2,2,3002,903
15113,se,4630,273547,36730,36730,2,1,2021.07.06 16:42,2021.08.04,2,2,515,891
15117,se,1394,313975,38463,38464,2,1,2021.07.06 16:44,2021.07.13,2,2,2455,904
15121,da,4067,103788,38010,38011,2,1,2021.07.06 16:48,2021.07.28,2,2,4861,0
15125,da,3588,307173,37668,37668,2,1,2021.07.06 16:52,2021.07.08,2,2,581,1029
15129,da,1474,225633,38369,38397,3,1,2021.07.06 16:59,2021.07.12,2,2,520,519
15133,da,7023,313984,36277,36277,2,1,2021.07.06 17:03,2021.07.20,2,2,1020,1029
15137,da,2463,193913,36458,37717,2,1,2021.07.06 17:05,2021.07.08,2,2,1431,561
15141,se,846,274567,38466,38472,2,1,2021.07.06 17:06,2021.07.10,2,2,4380,625
15145,da,1506,139465,34221,37841,2,1,2021.07.06 17:11,2021.07.29,2,2,2767,561
15149,da,5394,312390,35108,36253,4,1,2021.07.06 17:15,2021.07.26,2,2,1560,519
15153,da,915,313994,36155,36155,2,1,2021.07.06 17:19,2021.12.17,4,4,3954,519
15157,da,4637,313997,38418,38456,2,1,2021.07.06 17:29,2021.07.23,2,2,4761,1029
15161,da,2655,162616,36856,36856,2,1,2021.07.06 17:33,2021.07.18,3,3,4402,519
15165,da,648,273636,37391,38414,2,1,2021.07.06 17:35,2021.07.27,2,2,4228,519
15169,no,2673,314001,37984,38489,2,1,2021.07.06 17:39,2021.07.28,2,2,3932,1030
15173,da,311,314003,36115,36115,2,1,2021.07.06 17:45,2021.08.16,2,2,3651,1029
15177,se,2125,314006,38509,38522,2,1,2021.07.06 17:48,2021.07.23,2,2,2935,1037
15181,da,3147,201897,36871,36871,3,1,2021.07.06 17:50,2021.09.22,2,2,4905,1099
15185,da,1191,314011,38353,38362,2,1,2021.07.06 17:56,2021.08.12,2,2,4584,1100
15189,se,8006,314014,38467,38467,2,1,2021.07.06 18:03,2021.07.07,2,2,4166,891
15193,se,4630,222493,36730,36730,2,1,2021.07.06 18:06,2021.08.05,2,2,3671,905
15197,da,884,28907,35385,38134,4,1,2021.07.06 18:15,2021.09.03,2,2,4815,519
15201,da,1031,28907,36173,38099,5,1,2021.07.06 18:19,2021.09.07,2,2,1906,519
15205,da,6322,286938,35818,35818,3,1,2021.07.06 18:24,2021.07.12,2,2,4381,519
15209,da,4148,314025,35297,38518,3,1,2021.07.06 18:26,2021.07.21,3,3,3304,0
15213,da,1688,314027,36309,36309,2,1,2021.07.06 18:34,2021.08.26,2,2,1338,903
15217,da,830,314028,35903,36832,2,1,2021.07.06 18:38,2021.08.03,2,2,2352,519
15221,da,3569,314030,36726,37251,2,1,2021.07.06 18:40,2021.07.24,2,2,4619,0
15225,se,5717,314034,36899,36899,2,1,2021.07.06 18:51,2021.07.21,2,2,3274,0
15229,se,1394,269947,38463,38464,2,1,2021.07.06 18:58,2021.07.19,2,2,1707,1037
15233,da,7516,314041,35263,37987,2,1,2021.07.06 19:02,2021.07.12,2,2,3168,1100
15237,no,6851,18137,37189,37189,2,1,2021.07.06 19:08,2021.07.24,2,2,2991,914
15241,se,1394,175372,38463,38464,2,1,2021.07.06 19:14,2021.07.13,2,2,1868,625
15245,se,846,286363,36219,38060,2,1,2021.07.06 19:18,2021.10.01,2,2,1315,625
15249,da,2334,259200,36596,36596,2,1,2021.07.06 19:24,2021.08.08,2,2,1565,519
15253,da,3802,314056,36276,37565,2,1,2021.07.06 19:33,2021.08.10,2,2,4318,0
15257,da,325,314061,36851,37052,2,1,2021.07.06 19:39,2021.07.22,2,2,948,1029
15261,da,1371,73141,36482,36482,3,1,2021.07.06 19:43,2021.07.19,2,2,2194,903
15265,no,6843,314066,36551,36551,3,1,2021.07.06 19:46,2021.07.16,2,2,4246,0
15269,se,846,314070,38466,38472,2,1,2021.07.06 19:51,2021.07.10,3,2,629,891
15273,se,1394,314073,38463,38464,2,1,2021.07.06 19:58,2021.07.20,4,4,815,0
15277,se,4893,240773,38435,38435,3,1,2021.07.06 20:05,2021.07.14,2,2,510,905
15281,da,3877,314080,37067,38118,2,1,2021.07.06 20:10,2021.07.09,2,2,1046,0
15285,da,5588,206641,36695,37932,2,1,2021.07.06 20:12,2021.07.22,2,2,1329,519
15289,da,648,314084,37391,38414,2,1,2021.07.06 20:16,2021.07.21,2,2,2511,561
15293,se,6828,314086,35626,35885,2,1,2021.07.06 20:19,2021.08.04,2,2,849,625
15297,da,3951,290604,37913,37913,3,1,2021.07.06 20:23,2021.07.15,2,2,2025,1331
15301,no,4662,223921,36019,38506,3,1,2021.07.06 20:28,2021.08.11,2,2,3627,1031
15305,da,1833,314097,35426,35426,2,1,2021.07.06 20:31,2021.07.18,5,4,3785,1029
15309,da,4148,314099,35297,38518,2,1,2021.07.06 20:34,2021.07.21,2,2,1071,519
15313,da,3345,40584,37005,37005,3,1,2021.07.06 20:42,2021.07.27,2,2,2371,672
15317,da,1374,260393,36258,36258,1,1,2021.07.06 20:44,2021.09.19,2,2,1030,1100
15321,de,7690,314102,35070,35340,2,1,2021.07.06 20:48,2021.07.16,2,2,2506,0
15325,da,3148,314105,35895,35895,2,1,2021.07.06 20:49,2021.11.19,4,4,2095,0
15329,se,6514,219969,38323,38323,3,1,2021.07.06 20:53,2021.07.23,2,2,847,1037
15333,da,1377,149995,36205,37300,3,1,2021.07.06 20:57,2021.08.09,2,2,2690,561
15337,se,6945,238885,36805,36805,2,1,2021.07.06 21:01,2021.08.11,2,2,953,625
15341,da,8112,289609,37506,37506,7,1,2021.07.06 21:04,2021.07.24,4,2,4564,519
15345,da,4728,314122,34982,38334,5,1,2021.07.06 21:13,2021.07.24,2,2,2555,561
15349,no,4662,55333,36019,38506,2,1,2021.07.06 21:21,2021.07.20,3,2,2218,0
15353,da,3119,314128,36350,36350,4,1,2021.07.06 21:26,2021.07.11,4,2,2025,0
15357,se,3415,314132,38437,38437,2,1,2021.07.06 21:34,2021.07.08,2,2,580,625
15361,da,7520,247991,37866,37866,2,1,2021.07.06 21:40,2021.08.06,2,2,2067,902
15365,da,4854,264325,35824,35824,3,2,2021.07.06 21:45,2021.07.13,2,2,1531,519
15369,da,2125,213137,38509,38522,2,1,2021.07.06 21:52,2021.07.26,2,2,3487,0
15373,no,1617,314142,36244,37541,2,1,2021.07.06 21:56,2021.09.24,6,6,4906,1030
15377,se,2125,314146,38509,38522,2,1,2021.07.06 22:02,2021.07.26,2,2,1006,1343
15381,se,2125,314148,38509,38522,2,1,2021.07.06 22:04,2021.07.18,2,2,610,1037
15385,da,4274,314149,38036,38036,2,1,2021.07.06 22:08,2021.07.19,2,2,4822,519
15389,no,7763,314155,35868,35868,2,1,2021.07.06 22:12,2021.08.02,2,2,831,1125
15393,da,884,307777,35385,38134,2,1,2021.07.06 22:17,2021.08.13,2,2,3507,1103
15397,se,1394,314160,38463,38464,2,1,2021.07.06 22:19,2021.07.12,2,2,3849,1086
15401,da,428,254638,38398,38402,2,1,2021.07.06 22:25,2021.07.09,1,1,3536,561
15405,da,648,314164,37391,38414,2,1,2021.07.06 22:32,2021.07.18,2,2,3876,519
15409,da,1045,314167,36280,36280,2,1,2021.07.06 22:40,2021.09.20,2,2,1145,519
15413,se,3250,314171,36715,37848,2,1,2021.07.06 22:47,2021.07.11,2,2,2710,1037
15417,da,301,37173,36117,38434,2,1,2021.07.06 23:03,2021.07.16,2,2,4595,903
15421,da,647,21241,37388,37388,2,1,2021.07.06 23:16,2021.07.18,2,2,1983,1029
15425,de,1072,314176,36774,38505,2,1,2021.07.06 23:36,2021.09.12,2,2,3491,1131
15429,da,2150,314178,38430,38430,2,1,2021.07.06 23:44,2021.08.06,2,2,2632,1313
15433,se,8006,314183,38467,38467,2,1,2021.07.07 0:13,2021.07.07,2,2,1797,0
15437,da,509,314185,37983,37983,3,1,2021.07.07 0:54,2021.07.22,2,2,3752,1099
15441,da,1505,216423,36282,37780,3,1,2021.07.07 6:26,2021.08.11,2,2,3251,903
15445,da,1388,11660,36278,36278,1,1,2021.07.07 7:58,2021.07.10,2,2,2185,0
15449,no,7672,158616,37774,37774,3,1,2021.07.07 8:40,2021.07.13,2,2,3596,1126
15453,da,1109,246149,35798,36522,2,1,2021.07.07 8:59,2021.07.13,2,2,776,901
15457,da,5588,312870,36695,37932,2,2,2021.07.07 9:08,2021.07.19,2,2,856,1029
15461,da,7890,314195,36415,36427,3,1,2021.07.07 9:11,2021.07.11,2,2,2710,0
15465,no,4243,303849,35654,38396,2,1,2021.07.07 9:13,2021.07.08,1,1,4161,1002
15469,se,5062,230975,36626,36651,2,1,2021.07.07 9:18,2021.08.04,2,2,3016,307
15473,da,505,314202,36029,36609,2,1,2021.07.07 9:20,2021.07.18,2,2,1191,1208
15477,da,4637,88215,35796,38457,2,1,2021.07.07 9:25,2021.09.01,2,2,3664,0
15481,da,4854,199198,38480,38480,2,1,2021.07.07 9:31,2021.07.18,2,2,4157,0
15485,da,6043,217077,33818,37624,2,1,2021.07.07 9:33,2021.08.22,2,2,3911,0
15489,da,1071,3514,38356,38356,3,2,2021.07.07 9:36,2021.07.22,2,2,4415,903
15493,se,2125,274744,38509,38522,2,2,2021.07.07 9:38,2021.07.21,2,2,2881,0
15497,se,4016,253936,37419,37765,2,2,2021.07.07 9:45,2021.08.07,4,4,3220,1037
15501,da,830,243202,35903,36832,2,1,2021.07.07 9:53,2021.08.02,2,2,1235,519
15505,de,2813,249316,36426,36426,2,3,2021.07.07 9:59,2021.07.26,2,2,2418,1131
15509,se,2208,13060,36189,38330,4,2,2021.07.07 10:02,2021.08.15,2,2,2213,625
15513,da,1717,5946,36025,37880,2,1,2021.07.07 10:06,2021.08.25,2,2,3584,0
15517,da,3147,314227,36871,36871,3,1,2021.07.07 10:08,2021.09.27,6,6,4462,0
15521,de,2793,309053,33889,33894,2,1,2021.07.07 10:10,2021.08.18,2,2,1569,1281
15525,da,4637,314230,38418,38456,3,1,2021.07.07 10:13,2021.07.22,2,2,2610,0
15529,de,2329,314233,35498,35500,2,1,2021.07.07 10:20,2021.07.15,2,2,2320,626
15533,da,1474,314236,38369,38530,2,1,2021.07.07 10:25,2021.07.08,2,2,3261,319
15537,da,6088,9475,36698,36698,4,2,2021.07.07 10:28,2021.09.09,2,2,3039,901
15541,da,3649,205013,33865,37522,6,2,2021.07.07 10:29,2021.08.23,2,2,4043,1099
15545,da,1358,314241,37503,37540,3,1,2021.07.07 10:32,2021.07.13,2,2,4273,319
15549,da,5394,314246,35108,36253,5,1,2021.07.07 10:37,2021.07.26,7,7,2263,319
15553,da,647,314250,37388,37388,2,1,2021.07.07 10:40,2021.07.09,2,2,984,519
15557,de,5700,275115,37938,37938,3,2,2021.07.07 10:42,2021.09.19,2,2,3631,1277
15561,se,846,314255,38058,38058,3,1,2021.07.07 10:48,2021.08.09,3,2,2294,720
15565,se,1394,144736,38463,38464,2,1,2021.07.07 10:51,2021.07.24,2,2,3035,905
15569,se,610,314566,38046,38170,3,1,2021.07.07 10:58,2021.08.12,2,2,853,0
15573,da,4728,194653,34982,38334,3,1,2021.07.07 11:03,2021.10.13,2,2,854,0
15577,da,645,314264,37390,37390,2,1,2021.07.07 11:08,2021.07.13,2,2,1111,1029
15581,da,3569,314268,35332,37249,2,1,2021.07.07 11:15,2021.07.21,2,2,2763,0
15585,se,2125,314271,36678,37032,2,1,2021.07.07 11:22,2021.08.20,2,2,3600,625
15589,de,4817,314274,36472,36472,7,1,2021.07.07 11:26,2021.07.12,2,2,1360,0
15593,se,3440,205516,37416,37417,3,3,2021.07.07 11:30,2021.08.14,3,2,4093,905
15597,se,6977,244740,38470,38470,2,1,2021.07.07 11:34,2021.07.09,2,2,2621,906
15601,de,499,314282,37845,37845,2,1,2021.07.07 11:43,2021.07.23,11,9,4629,1033
15605,da,5394,314285,35108,36253,4,1,2021.07.07 11:44,2021.07.27,5,4,4364,1029
15609,da,3029,188595,36846,36846,3,2,2021.07.07 11:47,2021.07.26,2,2,4163,519
15613,da,391,314288,35577,35577,4,1,2021.07.07 11:51,2021.08.01,4,4,2408,0
15617,se,1394,314290,38463,38464,2,1,2021.07.07 11:55,2021.07.12,2,2,4158,0
15621,da,646,254390,37389,38490,2,1,2021.07.07 12:00,2021.07.28,2,2,3884,902
15625,se,6514,223745,38323,38323,3,1,2021.07.07 12:01,2021.07.22,2,2,3212,1037
15629,se,2773,155999,36249,38235,2,1,2021.07.07 12:06,2021.08.12,2,2,967,1086
15633,da,6588,314297,36879,36879,2,1,2021.07.07 12:08,2021.07.17,2,2,2984,519
15637,se,4016,270937,37419,37765,3,1,2021.07.07 12:11,2021.09.12,4,4,2970,1111
15641,se,2773,170369,36246,38234,2,2,2021.07.07 12:17,2021.08.17,2,2,3045,625
15645,da,2150,314303,38430,38430,2,1,2021.07.07 12:21,2021.07.07,2,2,3391,561
15649,da,689,36193,37628,37628,3,1,2021.07.07 12:25,2021.09.07,2,2,3041,1029
15653,da,492,314308,37638,37795,6,1,2021.07.07 12:34,2021.07.19,4,2,1950,519
15657,da,415,241137,36330,37864,2,1,2021.07.07 12:40,2021.09.20,2,2,2327,902
15661,da,6945,314314,36805,36805,4,1,2021.07.07 12:46,2021.07.12,2,2,1289,0
15665,se,2125,314317,36678,37032,3,1,2021.07.07 12:50,2021.08.02,2,2,832,891
15669,se,1362,267002,38029,38029,3,1,2021.07.07 12:55,2021.07.25,2,2,4078,625
15673,da,6511,287892,35645,36849,4,1,2021.07.07 12:59,2021.07.19,2,2,1272,519
15677,da,6420,312483,35141,35141,2,2,2021.07.07 13:02,2021.08.05,2,2,2235,0
15681,se,4759,16027,37537,38225,3,2,2021.07.07 13:07,2021.08.08,2,2,2042,307
15685,se,1394,211495,38463,38464,2,1,2021.07.07 13:16,2021.07.16,2,2,2016,313
15689,se,1394,261693,38463,38464,3,2,2021.07.07 13:24,2021.07.13,2,2,807,625
15693,se,1374,313398,36259,36259,3,2,2021.07.07 13:29,2021.08.14,2,2,1996,891
15697,da,958,291729,37982,38367,3,1,2021.07.07 13:37,2021.07.29,5,4,3377,133
15701,de,958,314334,35831,38366,7,1,2021.07.07 13:46,2021.07.31,4,4,3381,0
15705,de,509,314337,35830,38328,7,1,2021.07.07 13:49,2021.08.07,2,2,3412,1033
15709,se,3890,204135,37077,38261,3,2,2021.07.07 13:57,2021.07.13,4,4,3500,891
15713,se,996,223856,36625,36625,2,1,2021.07.07 14:04,2021.07.20,2,2,1514,1086
15717,da,1200,314112,36195,36195,2,2,2021.07.07 14:12,2021.07.30,4,4,4725,116
15721,se,6295,221782,37099,38179,3,1,2021.07.07 14:16,2021.08.17,2,2,4928,625
15725,da,537,314345,36682,38336,2,1,2021.07.07 14:20,2021.08.09,2,2,601,1100
15729,da,505,128519,36029,36609,2,2,2021.07.07 14:21,2021.10.06,4,4,4265,1313
15733,se,2125,314350,38509,38522,2,1,2021.07.07 14:25,2021.07.18,4,4,1421,625
15737,no,1952,314354,37905,38077,2,1,2021.07.07 14:30,2021.07.26,2,2,4470,1121
15741,no,4923,314358,35876,35876,2,1,2021.07.07 14:36,2021.07.20,2,2,4451,0
15745,se,3250,314341,36715,37848,2,1,2021.07.07 14:43,2021.07.29,2,2,823,1086
15749,da,2681,314360,36245,36245,2,1,2021.07.07 14:46,2021.07.23,2,2,2102,519
15753,da,2995,65575,35558,37354,2,1,2021.07.07 14:57,2021.08.16,2,2,2704,319
15757,da,3649,314366,33865,37522,2,1,2021.07.07 15:06,2021.08.09,2,2,914,561
15761,da,505,55317,36029,36609,2,1,2021.07.07 15:11,2021.08.06,2,2,3634,519
15765,da,2813,247093,37642,37800,4,1,2021.07.07 15:19,2021.08.30,2,2,3298,561
15769,da,2673,314370,37984,38489,2,1,2021.07.07 15:26,2021.08.01,3,3,4820,0
15773,se,3975,13893,36753,37572,2,1,2021.07.07 15:30,2021.07.21,2,2,1478,906
15777,da,646,266035,37389,38490,2,1,2021.07.07 15:38,2021.07.28,2,2,2710,1029
15781,da,7230,229479,36389,36389,4,2,2021.07.07 15:44,2021.07.17,5,5,4278,761
15785,da,1215,312667,36307,36307,2,2,2021.07.07 15:49,2021.09.13,2,2,2424,145
15789,se,8117,314379,37768,38067,2,1,2021.07.07 15:57,2021.07.13,4,2,3679,1037
15793,da,6007,313930,36182,38340,7,2,2021.07.07 16:05,2021.08.06,2,2,892,1313
15797,da,5713,314387,38351,38351,3,1,2021.07.07 16:07,2021.08.02,4,2,2182,519
15801,no,6729,16340,37555,38128,2,1,2021.07.07 16:10,2021.07.26,4,4,2820,907
15805,no,4923,314391,35876,35876,2,1,2021.07.07 16:14,2021.07.11,2,2,1056,907
15809,da,505,201623,36029,36609,3,2,2021.07.07 16:19,2021.07.09,2,2,1674,1029
15813,da,1124,314396,38071,38071,4,1,2021.07.07 16:22,2021.07.19,2,2,3653,133
15817,da,1031,88042,36173,38099,3,1,2021.07.07 16:25,2021.09.01,2,2,3740,1100
15821,se,846,302008,38058,38058,2,1,2021.07.07 16:27,2021.07.31,2,2,1716,0
15825,de,2813,304388,36426,36426,3,3,2021.07.07 16:30,2021.07.08,2,2,4719,0
15829,da,1374,14576,36258,36258,1,1,2021.07.07 16:33,2021.09.05,2,2,2550,55
15833,da,1822,314375,36556,37222,3,2,2021.07.07 16:37,2021.08.03,2,2,2594,561
15837,se,846,290074,38466,38472,2,1,2021.07.07 16:41,2021.07.10,2,2,3024,625
15841,da,7730,314404,37606,37935,3,1,2021.07.07 16:44,2021.07.15,2,2,2424,561
15845,se,4750,171915,37331,38227,2,2,2021.07.07 16:50,2021.08.10,2,2,3513,0
15849,no,7473,207897,37906,37906,3,1,2021.07.07 16:55,2021.08.01,2,2,3704,1031
15853,de,499,191448,37845,37845,4,1,2021.07.07 17:00,2021.07.26,2,2,4269,1034
15857,da,1505,314403,36282,37780,3,1,2021.07.07 17:09,2021.08.05,2,2,1701,116
15861,da,1474,9751,38369,38541,2,1,2021.07.07 17:17,2021.07.14,2,2,1485,902
15865,da,733,12453,38097,38097,4,2,2021.07.07 17:22,2021.08.04,4,4,3095,672
15869,se,8185,314418,37809,37809,2,1,2021.07.07 17:28,2021.07.13,2,2,2723,1086
15873,se,6514,314419,38323,38323,3,1,2021.07.07 17:38,2021.07.16,2,2,1747,0
15877,da,830,284575,35903,36832,2,1,2021.07.07 17:44,2021.07.29,2,2,3041,902
15881,se,2125,314421,38509,38522,2,1,2021.07.07 17:53,2021.07.22,2,2,4387,1037
15885,de,2813,278678,36426,36426,2,1,2021.07.07 17:57,2021.08.23,2,2,3541,1132
15889,se,5880,314424,38057,38198,3,1,2021.07.07 18:02,2021.07.13,2,2,2877,1037
15893,da,893,219658,36172,38080,3,1,2021.07.07 18:08,2021.08.02,2,2,4229,903
15897,no,4662,182267,36019,38506,3,1,2021.07.07 18:25,2021.07.25,2,2,2355,0
15901,da,650,85717,37656,38497,2,1,2021.07.07 18:35,2021.07.18,2,2,4010,561
15905,de,7690,311383,35070,35340,2,1,2021.07.07 18:40,2021.07.21,2,2,4940,1034
15909,se,2125,314436,38509,38522,2,1,2021.07.07 18:42,2021.07.10,2,2,1735,1037
15913,no,7672,303731,37774,37774,2,1,2021.07.07 18:48,2021.07.26,2,2,1509,1031
15917,da,1374,314443,37641,37767,2,1,2021.07.07 18:59,2021.08.23,2,2,1745,561
15921,da,314,257610,36842,36842,3,1,2021.07.07 19:03,2021.07.27,2,2,1947,561
15925,da,3029,314447,36846,36846,2,1,2021.07.07 19:08,2021.07.14,2,2,764,519
15929,se,6948,265366,36569,38152,3,1,2021.07.07 19:15,2021.07.27,2,2,628,625
15933,da,6511,139589,35645,36849,2,1,2021.07.07 19:18,2021.07.14,2,2,3324,1029
15937,da,2463,306121,36458,37717,2,1,2021.07.07 19:21,2021.07.09,2,2,1521,519
15941,da,648,314455,37391,38414,2,1,2021.07.07 19:27,2021.07.08,2,2,1669,0
15945,da,1474,190908,38369,38541,2,1,2021.07.07 19:29,2021.08.06,2,2,2821,902
15949,da,733,2489,38097,38097,4,1,2021.07.07 19:37,2021.07.10,4,2,3659,902
15953,se,6471,679,36089,37943,2,1,2021.07.07 19:43,2021.07.13,2,2,2795,0
15957,da,3841,1903,37363,37363,2,1,2021.07.07 19:52,2021.09.20,8,8,2553,902
15961,da,3821,201363,36675,38018,4,1,2021.07.07 19:55,2021.07.24,2,2,2280,1029
15965,de,1072,314468,36774,38505,2,1,2021.07.07 19:58,2021.10.03,2,2,1747,1033
15969,de,1072,314472,36774,38505,2,1,2021.07.07 20:03,2021.11.05,2,2,4586,910
15973,de,1627,314474,37664,37664,2,1,2021.07.07 20:08,2021.07.23,2,2,692,1033
15977,da,492,314478,37638,37795,4,1,2021.07.07 20:13,2021.07.10,8,7,3905,519
15981,da,2140,314482,35230,35230,4,1,2021.07.07 20:20,2021.07.08,2,2,4894,561
15985,se,1232,314445,37493,38192,2,1,2021.07.07 20:26,2021.07.12,4,2,4534,891
15989,da,3854,314486,36279,36592,2,1,2021.07.07 20:28,2021.07.20,2,2,3758,561
15993,da,648,314494,37391,38414,2,1,2021.07.07 20:40,2021.07.15,2,2,4926,0
15997,da,5394,246636,35108,36253,3,1,2021.07.07 20:44,2021.07.16,3,2,4798,561
16001,da,5394,314499,35108,36253,4,1,2021.07.07 20:47,2021.08.02,3,2,990,672
16005,se,1394,227931,38463,38464,2,1,2021.07.07 20:48,2021.07.17,2,2,4791,0
16009,da,505,314505,36029,36609,2,1,2021.07.07 20:53,2021.07.23,2,2,3207,0
16013,da,2914,314382,38016,38044,2,2,2021.07.07 20:59,2021.07.18,2,2,1771,672
16017,se,4758,97094,36543,36543,1,1,2021.07.07 21:14,2021.08.10,2,2,2468,625
16021,de,4728,314513,34982,38334,2,1,2021.07.07 21:33,2021.07.16,2,2,3543,1034
16025,da,7776,314515,35806,35839,3,1,2021.07.07 21:56,2021.07.14,3,2,3227,0
16029,se,8006,314519,38467,38467,2,1,2021.07.07 22:10,2021.07.26,4,4,3917,891
16033,se,1394,314521,38463,38464,2,1,2021.07.07 22:42,2021.07.28,5,4,3091,1351
16037,se,3941,314524,38474,38474,2,1,2021.07.07 23:25,2021.07.31,2,2,3811,1037
16041,da,648,314527,37391,38414,2,1,2021.07.07 23:28,2021.07.15,2,2,1271,519
16045,da,5394,314530,35108,36253,4,1,2021.07.07 23:56,2021.07.13,3,2,1410,561
